--TATRY
--TATRY WYSOKIE
INSERT INTO Mountain_Points (name, maxAslHeight, minAslHeight) VALUES ('Dolina Filipka', 944, null);
INSERT INTO Mountain_Points (name, maxAslHeight, minAslHeight) VALUES ('Palenica Białczańska', 990, null);
INSERT INTO Mountain_Points (name, maxAslHeight, minAslHeight) VALUES ('Wodogrzmoty Mickiewicza', 1100, null);
INSERT INTO Mountain_Points (name, maxAslHeight, minAslHeight) VALUES ('Polana Pod Wołoszynem', 1320, 1245);
INSERT INTO Mountain_Points (name, maxAslHeight, minAslHeight) VALUES ('Brzeziny', 1024, null);
INSERT INTO Mountain_Points (name, maxAslHeight, minAslHeight) VALUES ('Gęsia Szyja', 1489, null);
INSERT INTO Mountain_Points (name, maxAslHeight, minAslHeight) VALUES ('Szpiglasowa Przełęcz', 2110, null);
INSERT INTO Mountain_Points (name, maxAslHeight, minAslHeight) VALUES ('Psia Trawka', 1188 , null);
INSERT INTO Mountain_Points (name, maxAslHeight, minAslHeight) VALUES ('Rusinowa Polana', 1300, 1170);
INSERT INTO Mountain_Points (name, maxAslHeight, minAslHeight) VALUES ('Rówień Waksmundzka', 1440, 1400);
INSERT INTO Mountain_Points (name, maxAslHeight, minAslHeight) VALUES ('Wierch Poroniec', 1105, null);
INSERT INTO Mountain_Points (name, maxAslHeight, minAslHeight) VALUES ('Czerwony Staw w Dolinie Pańszczycy', 1654, null);
INSERT INTO Mountain_Points (name, maxAslHeight, minAslHeight) VALUES ('Schronisko PTTK na Hali Gąsienicowej', 1500, null);
INSERT INTO Mountain_Points (name, maxAslHeight, minAslHeight) VALUES ('Łysa Polana', 971, null);
INSERT INTO Mountain_Points (name, maxAslHeight, minAslHeight) VALUES ('Schronisko PTTK w Roztoce', 1031, null);
INSERT INTO Mountain_Points (name, maxAslHeight, minAslHeight) VALUES ('Schronisko PTTK nad Morskim Okiem', 1410, null);
INSERT INTO Mountain_Points (name, maxAslHeight, minAslHeight) VALUES ('Wokół Morskiego Oka', 1416, 1396);
INSERT INTO Mountain_Points (name, maxAslHeight, minAslHeight) VALUES ('Czarny Staw nad Morskim Okiem', 1583, null);
INSERT INTO Mountain_Points (name, maxAslHeight, minAslHeight) VALUES ('Mięguszowiecka Przełęcz pod Chłopkiem', 2307, null);
INSERT INTO Mountain_Points (name, maxAslHeight, minAslHeight) VALUES ('Dolina za Mnichem', 2100, 1785);
INSERT INTO Mountain_Points (name, maxAslHeight, minAslHeight) VALUES ('Wrota Chałubińskiego', 2022, null);
INSERT INTO Mountain_Points (name, maxAslHeight, minAslHeight) VALUES ('Szpiglasowy Wierch', 2172, null);
INSERT INTO Mountain_Points (name, maxAslHeight, minAslHeight) VALUES ('Tablica S. Bronikowskiego', 1740, null);
INSERT INTO Mountain_Points (name, maxAslHeight, minAslHeight) VALUES ('Schronisko PTTK w Dolinie Pięciu Stawów Polskich', 1671, null);
INSERT INTO Mountain_Points (name, maxAslHeight, minAslHeight) VALUES ('Siklawa', 1666, null);
INSERT INTO Mountain_Points (name, maxAslHeight, minAslHeight) VALUES ('Kozi Wierch', 2291, null);
INSERT INTO Mountain_Points (name, maxAslHeight, minAslHeight) VALUES ('Kozia Przełęcz', 2137, null);
INSERT INTO Mountain_Points (name, maxAslHeight, minAslHeight) VALUES ('Kozia Dolinka', 1835, null);
INSERT INTO Mountain_Points (name, maxAslHeight, minAslHeight) VALUES ('Czarny Staw Gąsienicowy', 1624, null);
INSERT INTO Mountain_Points (name, maxAslHeight, minAslHeight) VALUES ('Przełęcz Zawrat', 2159, null);
INSERT INTO Mountain_Points (name, maxAslHeight, minAslHeight) VALUES ('Świnica', 2301, null);
INSERT INTO Mountain_Points (name, maxAslHeight, minAslHeight) VALUES ('Rysy', 2499, null);
INSERT INTO Mountain_Points (name, maxAslHeight, minAslHeight) VALUES ('Świnicka Przełęcz', 2050, null);
INSERT INTO Mountain_Points (name, maxAslHeight, minAslHeight) VALUES ('Przełęcz Liliowe', 1952, null);
INSERT INTO Mountain_Points (name, maxAslHeight, minAslHeight) VALUES ('Zielony Staw Gąsienicowy', 1672, null);
INSERT INTO Mountain_Points (name, maxAslHeight, minAslHeight) VALUES ('Żleb Kulczyńskiego', 2167, null);
INSERT INTO Mountain_Points (name, maxAslHeight, minAslHeight) VALUES ('Skrajny Granat', 2225, null);
INSERT INTO Mountain_Points (name, maxAslHeight, minAslHeight) VALUES ('Przełęcz Krzyżne', 2114, null);
INSERT INTO Mountain_Points (name, maxAslHeight, minAslHeight) VALUES ('Przełęcz Karb', 1853, null);
INSERT INTO Mountain_Points (name, maxAslHeight, minAslHeight) VALUES ('Kościelec', 2156, null);
INSERT INTO Mountain_Points (name, maxAslHeight, minAslHeight) VALUES ('Dwoiśniak', 1588, null);

--TATRY ZACHODNIE;
INSERT INTO Mountain_Points (name, maxAslHeight, minAslHeight) VALUES ('Droga "Pod Reglami"', 1112, null);
INSERT INTO Mountain_Points (name, maxAslHeight, minAslHeight) VALUES ('Polana Biały Potok', 920, 890);
INSERT INTO Mountain_Points (name, maxAslHeight, minAslHeight) VALUES ('Polana Huciska', 1050, 980);
INSERT INTO Mountain_Points (name, maxAslHeight, minAslHeight) VALUES ('Niżnia Kominiarska Polana', 1170, 1110);
INSERT INTO Mountain_Points (name, maxAslHeight, minAslHeight) VALUES ('Schronisko PTTK na Polanie Chochołowskiej', 1146, null);
INSERT INTO Mountain_Points (name, maxAslHeight, minAslHeight) VALUES ('Trzydniowiański Wierch', 1758, null);
INSERT INTO Mountain_Points (name, maxAslHeight, minAslHeight) VALUES ('Jarząbczy Wierch', 2137, null);
INSERT INTO Mountain_Points (name, maxAslHeight, minAslHeight) VALUES ('Wołowiec', 2064, null);
INSERT INTO Mountain_Points (name, maxAslHeight, minAslHeight) VALUES ('Grześ', 1653, null);
INSERT INTO Mountain_Points (name, maxAslHeight, minAslHeight) VALUES ('Starorobociański Wierch', 2176, null);
INSERT INTO Mountain_Points (name, maxAslHeight, minAslHeight) VALUES ('Siwa Przełęcz', 1812, null);
INSERT INTO Mountain_Points (name, maxAslHeight, minAslHeight) VALUES ('Starorobociańska Rówień', 1390, 1330);
INSERT INTO Mountain_Points (name, maxAslHeight, minAslHeight) VALUES ('Iwaniacka Przełęcz', 1459, null);
INSERT INTO Mountain_Points (name, maxAslHeight, minAslHeight) VALUES ('Wyżnia Kira Miętusia', 950, 935);
INSERT INTO Mountain_Points (name, maxAslHeight, minAslHeight) VALUES ('Wyżnia Dolina Chochołowska', 1350, 1280);
INSERT INTO Mountain_Points (name, maxAslHeight, minAslHeight) VALUES ('Lodowe Źródło', 974, null);
INSERT INTO Mountain_Points (name, maxAslHeight, minAslHeight) VALUES ('Polana Pisana', 1100, 1010);
INSERT INTO Mountain_Points (name, maxAslHeight, minAslHeight) VALUES ('Schronisko PTTK na Hali Ornak', 1100, null);
INSERT INTO Mountain_Points (name, maxAslHeight, minAslHeight) VALUES ('Wyżnia Tomanowa Polana', 1450, 1340);
INSERT INTO Mountain_Points (name, maxAslHeight, minAslHeight) VALUES ('Krzesanica', 2122, null);
INSERT INTO Mountain_Points (name, maxAslHeight, minAslHeight) VALUES ('Kobylarz', 1800, null);
INSERT INTO Mountain_Points (name, maxAslHeight, minAslHeight) VALUES ('Wielka Polana w Dolinie Małej Łąki', 1200, 1170);
INSERT INTO Mountain_Points (name, maxAslHeight, minAslHeight) VALUES ('Kopa Kondracka', 2005, null);
INSERT INTO Mountain_Points (name, maxAslHeight, minAslHeight) VALUES ('Przełęcz Kondracka', 1725, null);
INSERT INTO Mountain_Points (name, maxAslHeight, minAslHeight) VALUES ('Polana Strążyska', 1042, null);
INSERT INTO Mountain_Points (name, maxAslHeight, minAslHeight) VALUES ('Czerwona Przełęcz', 1301, null);
INSERT INTO Mountain_Points (name, maxAslHeight, minAslHeight) VALUES ('Przełęcz Białego', 1306, null);
INSERT INTO Mountain_Points (name, maxAslHeight, minAslHeight) VALUES ('Schronisko PTTK na Hali Kondratowej', 1333, null);
INSERT INTO Mountain_Points (name, maxAslHeight, minAslHeight) VALUES ('Kasprowy Wierch', 1987, null);
INSERT INTO Mountain_Points (name, maxAslHeight, minAslHeight) VALUES ('Klasztor', 1122, null);
INSERT INTO Mountain_Points (name, maxAslHeight, minAslHeight) VALUES ('Kuźnice', 1011, null);
INSERT INTO Mountain_Points (name, maxAslHeight, minAslHeight) VALUES ('Nosal', 1206, null);
INSERT INTO Mountain_Points (name, maxAslHeight, minAslHeight) VALUES ('Olczyska Polana', 1100, 1035);
INSERT INTO Mountain_Points (name, maxAslHeight, minAslHeight) VALUES ('Toporowa Cyrhla', 1040, 950);
INSERT INTO Mountain_Points (name, maxAslHeight, minAslHeight) VALUES ('PKS Dolina Chochołowska', 887, null);
INSERT INTO Mountain_Points (name, maxAslHeight, minAslHeight) VALUES ('Siwa Polana', 935, 910);
INSERT INTO Mountain_Points (name, maxAslHeight, minAslHeight) VALUES ('Polana Trzydniówka', 1100, 1080);
INSERT INTO Mountain_Points (name, maxAslHeight, minAslHeight) VALUES ('Dolina Jarząbcza', 1254, null);
INSERT INTO Mountain_Points (name, maxAslHeight, minAslHeight) VALUES ('Kończysty Wierch', 2002, null);
INSERT INTO Mountain_Points (name, maxAslHeight, minAslHeight) VALUES ('Rakoń', 1879, null);
INSERT INTO Mountain_Points (name, maxAslHeight, minAslHeight) VALUES ('Raczkowa Przełęcz', 1959, null);
INSERT INTO Mountain_Points (name, maxAslHeight, minAslHeight) VALUES ('Ornak', 1854, null);
INSERT INTO Mountain_Points (name, maxAslHeight, minAslHeight) VALUES ('Kiry', 927, null);
INSERT INTO Mountain_Points (name, maxAslHeight, minAslHeight) VALUES ('Polana Stoły', 1360, 1300);
INSERT INTO Mountain_Points (name, maxAslHeight, minAslHeight) VALUES ('Jaskinia Mroźna', 1100, null);
INSERT INTO Mountain_Points (name, maxAslHeight, minAslHeight) VALUES ('Wąwóz Kraków', 1040, null);
INSERT INTO Mountain_Points (name, maxAslHeight, minAslHeight) VALUES ('Jaskinia Mylna', 1098, null);
INSERT INTO Mountain_Points (name, maxAslHeight, minAslHeight) VALUES ('Jaskinia Raptawicka', 1146, null);
INSERT INTO Mountain_Points (name, maxAslHeight, minAslHeight) VALUES ('Smreczyński Staw', 1226, null);
INSERT INTO Mountain_Points (name, maxAslHeight, minAslHeight) VALUES ('Chuda Przełączka', 1850, null);
INSERT INTO Mountain_Points (name, maxAslHeight, minAslHeight) VALUES ('Ciemniak', 2096, null);
INSERT INTO Mountain_Points (name, maxAslHeight, minAslHeight) VALUES ('Małołączniak', 2096, null);
INSERT INTO Mountain_Points (name, maxAslHeight, minAslHeight) VALUES ('Nędzówka', 952, null);
INSERT INTO Mountain_Points (name, maxAslHeight, minAslHeight) VALUES ('Gronik', 1576, null);
INSERT INTO Mountain_Points (name, maxAslHeight, minAslHeight) VALUES ('Wielkia Polana w Dolinie Małej Łąki', 1163, 938);
INSERT INTO Mountain_Points (name, maxAslHeight, minAslHeight) VALUES ('Przełęcz Przysłop Miętusi', 1189, null);
INSERT INTO Mountain_Points (name, maxAslHeight, minAslHeight) VALUES ('Przełęcz pod Kopą Kondracką', 1863, null);
INSERT INTO Mountain_Points (name, maxAslHeight, minAslHeight) VALUES ('Przełęcz w Grzybowcu', 1311, null);
INSERT INTO Mountain_Points (name, maxAslHeight, minAslHeight) VALUES ('Giewont', 1894, null);
INSERT INTO Mountain_Points (name, maxAslHeight, minAslHeight) VALUES ('Siklawica', 1100, null);
INSERT INTO Mountain_Points (name, maxAslHeight, minAslHeight) VALUES ('Sarnia Skała', 1377, null);
INSERT INTO Mountain_Points (name, maxAslHeight, minAslHeight) VALUES ('Dolina Białego', 910, null);
INSERT INTO Mountain_Points (name, maxAslHeight, minAslHeight) VALUES ('Hotel PTTK Kalatówki', 1198, null);
INSERT INTO Mountain_Points (name, maxAslHeight, minAslHeight) VALUES ('Myślenickie Turnie', 1354, null);
INSERT INTO Mountain_Points (name, maxAslHeight, minAslHeight) VALUES ('Murowanica', 935, null);
INSERT INTO Mountain_Points (name, maxAslHeight, minAslHeight) VALUES ('Nosalowa Przełęcz', 1103, null);
INSERT INTO Mountain_Points (name, maxAslHeight, minAslHeight) VALUES ('Jaszczurówka', 886, null);
INSERT INTO Mountain_Points (name, maxAslHeight, minAslHeight) VALUES ('Kopieniec Wielki', 1328, null);
--PODTATRZE;
INSERT INTO Mountain_Points (name, maxAslHeight, minAslHeight) VALUES ('Magura Witowska TPG', 1232, null);
INSERT INTO Mountain_Points (name, maxAslHeight, minAslHeight) VALUES ('Chochołów', 750, null);
INSERT INTO Mountain_Points (name, maxAslHeight, minAslHeight) VALUES ('Witów', 900, null);
INSERT INTO Mountain_Points (name, maxAslHeight, minAslHeight) VALUES ('Palenica Kościeliska', 1183, null);
INSERT INTO Mountain_Points (name, maxAslHeight, minAslHeight) VALUES ('Skibówki', 700, null);
INSERT INTO Mountain_Points (name, maxAslHeight, minAslHeight) VALUES ('Butorowy Wierch', 1160, null);
INSERT INTO Mountain_Points (name, maxAslHeight, minAslHeight) VALUES ('Dzianisz', 1000, 800);
INSERT INTO Mountain_Points (name, maxAslHeight, minAslHeight) VALUES ('Dom Turysty PTTK', 835, null);
INSERT INTO Mountain_Points (name, maxAslHeight, minAslHeight) VALUES ('Hotel Kasprowy', 900, null);
INSERT INTO Mountain_Points (name, maxAslHeight, minAslHeight) VALUES ('Gubałówka', 1126, null);
INSERT INTO Mountain_Points (name, maxAslHeight, minAslHeight) VALUES ('Nowe Bystre', 960, 800);
INSERT INTO Mountain_Points (name, maxAslHeight, minAslHeight) VALUES ('Rogoźnik', 630, 620);
INSERT INTO Mountain_Points (name, maxAslHeight, minAslHeight) VALUES ('Eliaszówka', 1023, null);
INSERT INTO Mountain_Points (name, maxAslHeight, minAslHeight) VALUES ('Szaflary', 600, null);
INSERT INTO Mountain_Points (name, maxAslHeight, minAslHeight) VALUES ('Cisowa Skała', 685, null);
INSERT INTO Mountain_Points (name, maxAslHeight, minAslHeight) VALUES ('Ludźmierz', 599, null);
INSERT INTO Mountain_Points (name, maxAslHeight, minAslHeight) VALUES ('Nowy Targ', 685, null);
INSERT INTO Mountain_Points (name, maxAslHeight, minAslHeight) VALUES ('Rafaczyńska Grapa', 973, null);
INSERT INTO Mountain_Points (name, maxAslHeight, minAslHeight) VALUES ('Harenda', 980, 750);
INSERT INTO Mountain_Points (name, maxAslHeight, minAslHeight) VALUES ('Poronin', 740, null);
INSERT INTO Mountain_Points (name, maxAslHeight, minAslHeight) VALUES ('Dom Turysty PTTK - Harenda', 980, 750);
INSERT INTO Mountain_Points (name, maxAslHeight, minAslHeight) VALUES ('Murzasichle', 950, 820);
INSERT INTO Mountain_Points (name, maxAslHeight, minAslHeight) VALUES ('Małe Ciche', 830, null);
INSERT INTO Mountain_Points (name, maxAslHeight, minAslHeight) VALUES ('Galicowa Grapa', 980, null);
INSERT INTO Mountain_Points (name, maxAslHeight, minAslHeight) VALUES ('Bukowina Tatrzańska Klin', 947, null);
INSERT INTO Mountain_Points (name, maxAslHeight, minAslHeight) VALUES ('Bukowina Tatrzańska Dolna', 750, null);
INSERT INTO Mountain_Points (name, maxAslHeight, minAslHeight) VALUES ('Jurgów', 760, null);
INSERT INTO Mountain_Points (name, maxAslHeight, minAslHeight) VALUES ('Głodówka', 1145, 1070);
INSERT INTO Mountain_Points (name, maxAslHeight, minAslHeight) VALUES ('Zazadnia', 907, null);
INSERT INTO Mountain_Points (name, maxAslHeight, minAslHeight) VALUES ('Białka Tatrzańska', 725, 650);

INSERT INTO mountain_chains (name) VALUES ('Tatry i Podtatrze');
INSERT INTO mountain_chains (name) VALUES ('Beskidy Zachodnie');
INSERT INTO mountain_chains (name) VALUES ('Beskidy Wschodnie');
INSERT INTO mountain_chains (name) VALUES ('Góry Świętokrzyskie');
INSERT INTO mountain_chains (name) VALUES ('Sudety');

INSERT INTO mountain_ranges (name, mountain_chain_name) VALUES ('Tatry Zachodnie', 'Tatry i Podtatrze');
INSERT INTO mountain_ranges (name, mountain_chain_name) VALUES ('Tatry Wysokie', 'Tatry i Podtatrze');
INSERT INTO mountain_ranges (name, mountain_chain_name) VALUES ('Podtatrze', 'Tatry i Podtatrze');
INSERT INTO mountain_ranges (name, mountain_chain_name) VALUES ('Beskid Śląski', 'Beskidy Zachodnie');
INSERT INTO mountain_ranges (name, mountain_chain_name) VALUES ('Beskid Żywiecki', 'Beskidy Zachodnie');
INSERT INTO mountain_ranges (name, mountain_chain_name) VALUES ('Beskid Mały', 'Beskidy Zachodnie');
INSERT INTO mountain_ranges (name, mountain_chain_name) VALUES ('Beskid Średni', 'Beskidy Zachodnie');
INSERT INTO mountain_ranges (name, mountain_chain_name) VALUES ('Gorce', 'Beskidy Zachodnie');
INSERT INTO mountain_ranges (name, mountain_chain_name) VALUES ('Beskid Wyspowy', 'Beskidy Zachodnie');
INSERT INTO mountain_ranges (name, mountain_chain_name) VALUES ('Orawa', 'Beskidy Zachodnie');
INSERT INTO mountain_ranges (name, mountain_chain_name) VALUES ('Spisz i Pieniny', 'Beskidy Zachodnie');
INSERT INTO mountain_ranges (name, mountain_chain_name) VALUES ('Beskid Sądecki', 'Beskidy Zachodnie');
INSERT INTO mountain_ranges (name, mountain_chain_name) VALUES ('Pogórze Wielickie', 'Beskidy Zachodnie');
INSERT INTO mountain_ranges (name, mountain_chain_name) VALUES ('Pogórze Wiśnickie', 'Beskidy Zachodnie');
INSERT INTO mountain_ranges (name, mountain_chain_name) VALUES ('Pogórze Rożnowskie', 'Beskidy Zachodnie');
INSERT INTO mountain_ranges (name, mountain_chain_name) VALUES ('Pogórze Ciężkowickie', 'Beskidy Wschodnie');
INSERT INTO mountain_ranges (name, mountain_chain_name) VALUES ('Beskid Niski część zachodnia', 'Beskidy Wschodnie');
INSERT INTO mountain_ranges (name, mountain_chain_name) VALUES ('Beskid Niski część wschodnia', 'Beskidy Wschodnie');
INSERT INTO mountain_ranges (name, mountain_chain_name) VALUES ('Bieszczady', 'Beskidy Wschodnie');
INSERT INTO mountain_ranges (name, mountain_chain_name) VALUES ('Pogórze Strzyżowsko-Dynowskie', 'Beskidy Wschodnie');
INSERT INTO mountain_ranges (name, mountain_chain_name) VALUES ('Pogórze Przemyskie', 'Beskidy Wschodnie');
INSERT INTO mountain_ranges (name, mountain_chain_name) VALUES ('Góry Świętokrzyskie - 1', 'Góry Świętokrzyskie');
INSERT INTO mountain_ranges (name, mountain_chain_name) VALUES ('Góry Świętokrzyskie - 2', 'Góry Świętokrzyskie');
INSERT INTO mountain_ranges (name, mountain_chain_name) VALUES ('Góry Świętokrzyskie - 3', 'Góry Świętokrzyskie');
INSERT INTO mountain_ranges (name, mountain_chain_name) VALUES ('Góry Świętokrzyskie - 4', 'Góry Świętokrzyskie');
INSERT INTO mountain_ranges (name, mountain_chain_name) VALUES ('Góry Świętokrzyskie - 5', 'Góry Świętokrzyskie');
INSERT INTO mountain_ranges (name, mountain_chain_name) VALUES ('Góry Izerskie', 'Sudety');
INSERT INTO mountain_ranges (name, mountain_chain_name) VALUES ('Pogórze Izerskie', 'Sudety');
INSERT INTO mountain_ranges (name, mountain_chain_name) VALUES ('Karkonosze', 'Sudety');
INSERT INTO mountain_ranges (name, mountain_chain_name) VALUES ('Kotlina Jeleniogórska', 'Sudety');
INSERT INTO mountain_ranges (name, mountain_chain_name) VALUES ('Rudawy Janowickie', 'Sudety');
INSERT INTO mountain_ranges (name, mountain_chain_name) VALUES ('Góry Kaczawskie', 'Sudety');
INSERT INTO mountain_ranges (name, mountain_chain_name) VALUES ('Pogórze Kaczawskie', 'Sudety');
INSERT INTO mountain_ranges (name, mountain_chain_name) VALUES ('Kotlina Kamiennogórska', 'Sudety');
INSERT INTO mountain_ranges (name, mountain_chain_name) VALUES ('Góry Kamienne', 'Sudety');
INSERT INTO mountain_ranges (name, mountain_chain_name) VALUES ('Góry Wałbrzyskie, Pogórze Bolkowsko-Wałbrzyskie', 'Sudety');
INSERT INTO mountain_ranges (name, mountain_chain_name) VALUES ('Góry Sowie, Wzgórza Włodzickie', 'Sudety');
INSERT INTO mountain_ranges (name, mountain_chain_name) VALUES ('Góry Bardzkie', 'Sudety');
INSERT INTO mountain_ranges (name, mountain_chain_name) VALUES ('Góry Stołowe, Wzgórza Lewińskie', 'Sudety');
INSERT INTO mountain_ranges (name, mountain_chain_name) VALUES ('Góry Orlickie, Góry Bystrzyckie', 'Sudety');
INSERT INTO mountain_ranges (name, mountain_chain_name) VALUES ('Kotlina Kłodzka, Rów Górnej Nysy', 'Sudety');
INSERT INTO mountain_ranges (name, mountain_chain_name) VALUES ('Masyw Śnieżnika, Góry Bialskie', 'Sudety');
INSERT INTO mountain_ranges (name, mountain_chain_name) VALUES ('Góry Złote', 'Sudety');
INSERT INTO mountain_ranges (name, mountain_chain_name) VALUES ('Góry Opawskie', 'Sudety');
INSERT INTO mountain_ranges (name, mountain_chain_name) VALUES ('Wzgórza Strzegomskie', 'Sudety');
INSERT INTO mountain_ranges (name, mountain_chain_name) VALUES ('Masyw Ślęży, Równina Świdnicka, Kotlina Dzierżoniowska', 'Sudety');
INSERT INTO mountain_ranges (name, mountain_chain_name) VALUES ('Wzgórza Niemczańsko-Strzelińskie, Przedgórze Paczkowskie', 'Sudety');

INSERT INTO Mountain_Points_Mountain_Ranges (mountain_points_name, mountain_ranges_name) VALUES ('Dolina Filipka', 'Tatry Wysokie');
INSERT INTO Mountain_Points_Mountain_Ranges (mountain_points_name, mountain_ranges_name) VALUES ('Palenica Białczańska', 'Tatry Wysokie');
INSERT INTO Mountain_Points_Mountain_Ranges (mountain_points_name, mountain_ranges_name) VALUES ('Wodogrzmoty Mickiewicza', 'Tatry Wysokie');
INSERT INTO Mountain_Points_Mountain_Ranges (mountain_points_name, mountain_ranges_name) VALUES ('Polana Pod Wołoszynem', 'Tatry Wysokie');
INSERT INTO Mountain_Points_Mountain_Ranges (mountain_points_name, mountain_ranges_name) VALUES ('Brzeziny', 'Tatry Wysokie');
INSERT INTO Mountain_Points_Mountain_Ranges (mountain_points_name, mountain_ranges_name) VALUES ('Szpiglasowa Przełęcz', 'Tatry Wysokie');
INSERT INTO Mountain_Points_Mountain_Ranges (mountain_points_name, mountain_ranges_name) VALUES ('Psia Trawka', 'Tatry Wysokie');
INSERT INTO Mountain_Points_Mountain_Ranges (mountain_points_name, mountain_ranges_name) VALUES ('Rusinowa Polana', 'Tatry Wysokie');
INSERT INTO Mountain_Points_Mountain_Ranges (mountain_points_name, mountain_ranges_name) VALUES ('Rówień Waksmundzka', 'Tatry Wysokie');
INSERT INTO Mountain_Points_Mountain_Ranges (mountain_points_name, mountain_ranges_name) VALUES ('Wierch Poroniec', 'Tatry Wysokie');
INSERT INTO Mountain_Points_Mountain_Ranges (mountain_points_name, mountain_ranges_name) VALUES ('Łysa Polana', 'Tatry Wysokie');
INSERT INTO Mountain_Points_Mountain_Ranges (mountain_points_name, mountain_ranges_name) VALUES ('Czerwony Staw w Dolinie Pańszczycy', 'Tatry Wysokie');
INSERT INTO Mountain_Points_Mountain_Ranges (mountain_points_name, mountain_ranges_name) VALUES ('Schronisko PTTK na Hali Gąsienicowej', 'Tatry Wysokie');
INSERT INTO Mountain_Points_Mountain_Ranges (mountain_points_name, mountain_ranges_name) VALUES ('Schronisko PTTK w Roztoce', 'Tatry Wysokie');
INSERT INTO Mountain_Points_Mountain_Ranges (mountain_points_name, mountain_ranges_name) VALUES ('Schronisko PTTK nad Morskim Okiem', 'Tatry Wysokie');
INSERT INTO Mountain_Points_Mountain_Ranges (mountain_points_name, mountain_ranges_name) VALUES ('Wokół Morskiego Oka', 'Tatry Wysokie');
INSERT INTO Mountain_Points_Mountain_Ranges (mountain_points_name, mountain_ranges_name) VALUES ('Mięguszowiecka Przełęcz pod Chłopkiem', 'Tatry Wysokie');
INSERT INTO Mountain_Points_Mountain_Ranges (mountain_points_name, mountain_ranges_name) VALUES ('Dolina za Mnichem', 'Tatry Wysokie');
INSERT INTO Mountain_Points_Mountain_Ranges (mountain_points_name, mountain_ranges_name) VALUES ('Wrota Chałubińskiego', 'Tatry Wysokie');
INSERT INTO Mountain_Points_Mountain_Ranges (mountain_points_name, mountain_ranges_name) VALUES ('Szpiglasowy Wierch', 'Tatry Wysokie');
INSERT INTO Mountain_Points_Mountain_Ranges (mountain_points_name, mountain_ranges_name) VALUES ('Tablica S. Bronikowskiego', 'Tatry Wysokie');
INSERT INTO Mountain_Points_Mountain_Ranges (mountain_points_name, mountain_ranges_name) VALUES ('Schronisko PTTK w Dolinie Pięciu Stawów Polskich', 'Tatry Wysokie');
INSERT INTO Mountain_Points_Mountain_Ranges (mountain_points_name, mountain_ranges_name) VALUES ('Siklawa', 'Tatry Wysokie');
INSERT INTO Mountain_Points_Mountain_Ranges (mountain_points_name, mountain_ranges_name) VALUES ('Kozi Wierch', 'Tatry Wysokie');
INSERT INTO Mountain_Points_Mountain_Ranges (mountain_points_name, mountain_ranges_name) VALUES ('Kozia Przełęcz', 'Tatry Wysokie');
INSERT INTO Mountain_Points_Mountain_Ranges (mountain_points_name, mountain_ranges_name) VALUES ('Kozia Dolinka', 'Tatry Wysokie');
INSERT INTO Mountain_Points_Mountain_Ranges (mountain_points_name, mountain_ranges_name) VALUES ('Czarny Staw Gąsienicowy', 'Tatry Wysokie');
INSERT INTO Mountain_Points_Mountain_Ranges (mountain_points_name, mountain_ranges_name) VALUES ('Przełęcz Zawrat', 'Tatry Wysokie');
INSERT INTO Mountain_Points_Mountain_Ranges (mountain_points_name, mountain_ranges_name) VALUES ('Świnica', 'Tatry Wysokie');
INSERT INTO Mountain_Points_Mountain_Ranges (mountain_points_name, mountain_ranges_name) VALUES ('Rysy', 'Tatry Wysokie');
INSERT INTO Mountain_Points_Mountain_Ranges (mountain_points_name, mountain_ranges_name) VALUES ('Świnicka Przełęcz', 'Tatry Wysokie');
INSERT INTO Mountain_Points_Mountain_Ranges (mountain_points_name, mountain_ranges_name) VALUES ('Przełęcz Liliowe', 'Tatry Wysokie');
INSERT INTO Mountain_Points_Mountain_Ranges (mountain_points_name, mountain_ranges_name) VALUES ('Zielony Staw Gąsienicowy', 'Tatry Wysokie');
INSERT INTO Mountain_Points_Mountain_Ranges (mountain_points_name, mountain_ranges_name) VALUES ('Żleb Kulczyńskiego', 'Tatry Wysokie');
INSERT INTO Mountain_Points_Mountain_Ranges (mountain_points_name, mountain_ranges_name) VALUES ('Skrajny Granat', 'Tatry Wysokie');
INSERT INTO Mountain_Points_Mountain_Ranges (mountain_points_name, mountain_ranges_name) VALUES ('Przełęcz Krzyżne', 'Tatry Wysokie');
INSERT INTO Mountain_Points_Mountain_Ranges (mountain_points_name, mountain_ranges_name) VALUES ('Przełęcz Karb', 'Tatry Wysokie');
INSERT INTO Mountain_Points_Mountain_Ranges (mountain_points_name, mountain_ranges_name) VALUES ('Kościelec', 'Tatry Wysokie');
INSERT INTO Mountain_Points_Mountain_Ranges (mountain_points_name, mountain_ranges_name) VALUES ('Dwoiśniak', 'Tatry Wysokie');
INSERT INTO Mountain_Points_Mountain_Ranges (mountain_points_name, mountain_ranges_name) VALUES ('Droga "Pod Reglami"', 'Tatry Zachodnie');
INSERT INTO Mountain_Points_Mountain_Ranges (mountain_points_name, mountain_ranges_name) VALUES ('Polana Biały Potok', 'Tatry Zachodnie');
INSERT INTO Mountain_Points_Mountain_Ranges (mountain_points_name, mountain_ranges_name) VALUES ('Polana Huciska', 'Tatry Zachodnie');
INSERT INTO Mountain_Points_Mountain_Ranges (mountain_points_name, mountain_ranges_name) VALUES ('Niżnia Kominiarska Polana', 'Tatry Zachodnie');
INSERT INTO Mountain_Points_Mountain_Ranges (mountain_points_name, mountain_ranges_name) VALUES ('Schronisko PTTK na Polanie Chochołowskiej', 'Tatry Zachodnie');
INSERT INTO Mountain_Points_Mountain_Ranges (mountain_points_name, mountain_ranges_name) VALUES ('Trzydniowiański Wierch', 'Tatry Zachodnie');
INSERT INTO Mountain_Points_Mountain_Ranges (mountain_points_name, mountain_ranges_name) VALUES ('Jarząbczy Wierch', 'Tatry Zachodnie');
INSERT INTO Mountain_Points_Mountain_Ranges (mountain_points_name, mountain_ranges_name) VALUES ('Wołowiec', 'Tatry Zachodnie');
INSERT INTO Mountain_Points_Mountain_Ranges (mountain_points_name, mountain_ranges_name) VALUES ('Grześ', 'Tatry Zachodnie');
INSERT INTO Mountain_Points_Mountain_Ranges (mountain_points_name, mountain_ranges_name) VALUES ('Starorobociański Wierch', 'Tatry Zachodnie');
INSERT INTO Mountain_Points_Mountain_Ranges (mountain_points_name, mountain_ranges_name) VALUES ('Siwa Przełęcz', 'Tatry Zachodnie');
INSERT INTO Mountain_Points_Mountain_Ranges (mountain_points_name, mountain_ranges_name) VALUES ('Starorobociańska Rówień', 'Tatry Zachodnie');
INSERT INTO Mountain_Points_Mountain_Ranges (mountain_points_name, mountain_ranges_name) VALUES ('Iwaniacka Przełęcz', 'Tatry Zachodnie');
INSERT INTO Mountain_Points_Mountain_Ranges (mountain_points_name, mountain_ranges_name) VALUES ('Wyżnia Kira Miętusia', 'Tatry Zachodnie');
INSERT INTO Mountain_Points_Mountain_Ranges (mountain_points_name, mountain_ranges_name) VALUES ('Wyżnia Dolina Chochołowska', 'Tatry Zachodnie');
INSERT INTO Mountain_Points_Mountain_Ranges (mountain_points_name, mountain_ranges_name) VALUES ('Lodowe Źródło', 'Tatry Zachodnie');
INSERT INTO Mountain_Points_Mountain_Ranges (mountain_points_name, mountain_ranges_name) VALUES ('Polana Pisana', 'Tatry Zachodnie');
INSERT INTO Mountain_Points_Mountain_Ranges (mountain_points_name, mountain_ranges_name) VALUES ('Schronisko PTTK na Hali Ornak', 'Tatry Zachodnie');
INSERT INTO Mountain_Points_Mountain_Ranges (mountain_points_name, mountain_ranges_name) VALUES ('Wyżnia Tomanowa Polana', 'Tatry Zachodnie');
INSERT INTO Mountain_Points_Mountain_Ranges (mountain_points_name, mountain_ranges_name) VALUES ('Krzesanica', 'Tatry Zachodnie');
INSERT INTO Mountain_Points_Mountain_Ranges (mountain_points_name, mountain_ranges_name) VALUES ('Kobylarz', 'Tatry Zachodnie');
INSERT INTO Mountain_Points_Mountain_Ranges (mountain_points_name, mountain_ranges_name) VALUES ('Wielka Polana w Dolinie Małej Łąki', 'Tatry Zachodnie');
INSERT INTO Mountain_Points_Mountain_Ranges (mountain_points_name, mountain_ranges_name) VALUES ('Kopa Kondracka', 'Tatry Zachodnie');
INSERT INTO Mountain_Points_Mountain_Ranges (mountain_points_name, mountain_ranges_name) VALUES ('Przełęcz Kondracka', 'Tatry Zachodnie');
INSERT INTO Mountain_Points_Mountain_Ranges (mountain_points_name, mountain_ranges_name) VALUES ('Polana Strążyska', 'Tatry Zachodnie');
INSERT INTO Mountain_Points_Mountain_Ranges (mountain_points_name, mountain_ranges_name) VALUES ('Czerwona Przełęcz', 'Tatry Zachodnie');
INSERT INTO Mountain_Points_Mountain_Ranges (mountain_points_name, mountain_ranges_name) VALUES ('Przełęcz Białego', 'Tatry Zachodnie');
INSERT INTO Mountain_Points_Mountain_Ranges (mountain_points_name, mountain_ranges_name) VALUES ('Schronisko PTTK na Hali Kondratowej', 'Tatry Zachodnie');
INSERT INTO Mountain_Points_Mountain_Ranges (mountain_points_name, mountain_ranges_name) VALUES ('Kasprowy Wierch', 'Tatry Zachodnie');
INSERT INTO Mountain_Points_Mountain_Ranges (mountain_points_name, mountain_ranges_name) VALUES ('Klasztor', 'Tatry Zachodnie');
INSERT INTO Mountain_Points_Mountain_Ranges (mountain_points_name, mountain_ranges_name) VALUES ('Nosal', 'Tatry Zachodnie');
INSERT INTO Mountain_Points_Mountain_Ranges (mountain_points_name, mountain_ranges_name) VALUES ('Olczyska Polana', 'Tatry Zachodnie');
INSERT INTO Mountain_Points_Mountain_Ranges (mountain_points_name, mountain_ranges_name) VALUES ('Toporowa Cyrhla', 'Tatry Zachodnie');
INSERT INTO Mountain_Points_Mountain_Ranges (mountain_points_name, mountain_ranges_name) VALUES ('Toporowa Cyrhla', 'Podtatrze');
INSERT INTO Mountain_Points_Mountain_Ranges (mountain_points_name, mountain_ranges_name) VALUES ('PKS Dolina Chochołowska', 'Tatry Zachodnie');
INSERT INTO Mountain_Points_Mountain_Ranges (mountain_points_name, mountain_ranges_name) VALUES ('PKS Dolina Chochołowska', 'Podtatrze');
INSERT INTO Mountain_Points_Mountain_Ranges (mountain_points_name, mountain_ranges_name) VALUES ('Siwa Polana', 'Tatry Zachodnie');
INSERT INTO Mountain_Points_Mountain_Ranges (mountain_points_name, mountain_ranges_name) VALUES ('Polana Trzydniówka', 'Tatry Zachodnie');
INSERT INTO Mountain_Points_Mountain_Ranges (mountain_points_name, mountain_ranges_name) VALUES ('Dolina Jarząbcza', 'Tatry Zachodnie');
INSERT INTO Mountain_Points_Mountain_Ranges (mountain_points_name, mountain_ranges_name) VALUES ('Kończysty Wierch', 'Tatry Zachodnie');
INSERT INTO Mountain_Points_Mountain_Ranges (mountain_points_name, mountain_ranges_name) VALUES ('Rakoń', 'Tatry Zachodnie');
INSERT INTO Mountain_Points_Mountain_Ranges (mountain_points_name, mountain_ranges_name) VALUES ('Raczkowa Przełęcz', 'Tatry Zachodnie');
INSERT INTO Mountain_Points_Mountain_Ranges (mountain_points_name, mountain_ranges_name) VALUES ('Ornak', 'Tatry Zachodnie');
INSERT INTO Mountain_Points_Mountain_Ranges (mountain_points_name, mountain_ranges_name) VALUES ('Kiry', 'Tatry Zachodnie');
INSERT INTO Mountain_Points_Mountain_Ranges (mountain_points_name, mountain_ranges_name) VALUES ('Polana Stoły', 'Tatry Zachodnie');
INSERT INTO Mountain_Points_Mountain_Ranges (mountain_points_name, mountain_ranges_name) VALUES ('Jaskinia Mroźna', 'Tatry Zachodnie');
INSERT INTO Mountain_Points_Mountain_Ranges (mountain_points_name, mountain_ranges_name) VALUES ('Wąwóz Kraków', 'Tatry Zachodnie');
INSERT INTO Mountain_Points_Mountain_Ranges (mountain_points_name, mountain_ranges_name) VALUES ('Jaskinia Mylna', 'Tatry Zachodnie');
INSERT INTO Mountain_Points_Mountain_Ranges (mountain_points_name, mountain_ranges_name) VALUES ('Jaskinia Raptawicka', 'Tatry Zachodnie');
INSERT INTO Mountain_Points_Mountain_Ranges (mountain_points_name, mountain_ranges_name) VALUES ('Smreczyński Staw', 'Tatry Zachodnie');
INSERT INTO Mountain_Points_Mountain_Ranges (mountain_points_name, mountain_ranges_name) VALUES ('Chuda Przełączka', 'Tatry Zachodnie');
INSERT INTO Mountain_Points_Mountain_Ranges (mountain_points_name, mountain_ranges_name) VALUES ('Ciemniak', 'Tatry Zachodnie');
INSERT INTO Mountain_Points_Mountain_Ranges (mountain_points_name, mountain_ranges_name) VALUES ('Małołączniak', 'Tatry Zachodnie');
INSERT INTO Mountain_Points_Mountain_Ranges (mountain_points_name, mountain_ranges_name) VALUES ('Nędzówka', 'Tatry Zachodnie');
INSERT INTO Mountain_Points_Mountain_Ranges (mountain_points_name, mountain_ranges_name) VALUES ('Gronik', 'Tatry Zachodnie');
INSERT INTO Mountain_Points_Mountain_Ranges (mountain_points_name, mountain_ranges_name) VALUES ('Gronik', 'Podtatrze');
INSERT INTO Mountain_Points_Mountain_Ranges (mountain_points_name, mountain_ranges_name) VALUES ('Wielkia Polana w Dolinie Małej Łąki', 'Tatry Zachodnie');
INSERT INTO Mountain_Points_Mountain_Ranges (mountain_points_name, mountain_ranges_name) VALUES ('Przełęcz Przysłop Miętusi', 'Tatry Zachodnie');
INSERT INTO Mountain_Points_Mountain_Ranges (mountain_points_name, mountain_ranges_name) VALUES ('Przełęcz pod Kopą Kondracką', 'Tatry Zachodnie');
INSERT INTO Mountain_Points_Mountain_Ranges (mountain_points_name, mountain_ranges_name) VALUES ('Przełęcz w Grzybowcu', 'Tatry Zachodnie');
INSERT INTO Mountain_Points_Mountain_Ranges (mountain_points_name, mountain_ranges_name) VALUES ('Giewont', 'Tatry Zachodnie');
INSERT INTO Mountain_Points_Mountain_Ranges (mountain_points_name, mountain_ranges_name) VALUES ('Siklawica', 'Tatry Zachodnie');
INSERT INTO Mountain_Points_Mountain_Ranges (mountain_points_name, mountain_ranges_name) VALUES ('Sarnia Skała', 'Tatry Zachodnie');
INSERT INTO Mountain_Points_Mountain_Ranges (mountain_points_name, mountain_ranges_name) VALUES ('Dolina Białego', 'Tatry Zachodnie');
INSERT INTO Mountain_Points_Mountain_Ranges (mountain_points_name, mountain_ranges_name) VALUES ('Hotel PTTK Kalatówki', 'Tatry Zachodnie');
INSERT INTO Mountain_Points_Mountain_Ranges (mountain_points_name, mountain_ranges_name) VALUES ('Myślenickie Turnie', 'Tatry Zachodnie');
INSERT INTO Mountain_Points_Mountain_Ranges (mountain_points_name, mountain_ranges_name) VALUES ('Murowanica', 'Tatry Zachodnie');
INSERT INTO Mountain_Points_Mountain_Ranges (mountain_points_name, mountain_ranges_name) VALUES ('Nosalowa Przełęcz', 'Tatry Zachodnie');
INSERT INTO Mountain_Points_Mountain_Ranges (mountain_points_name, mountain_ranges_name) VALUES ('Jaszczurówka', 'Tatry Zachodnie');
INSERT INTO Mountain_Points_Mountain_Ranges (mountain_points_name, mountain_ranges_name) VALUES ('Kopieniec Wielki', 'Tatry Zachodnie');
INSERT INTO Mountain_Points_Mountain_Ranges (mountain_points_name, mountain_ranges_name) VALUES ('Magura Witowska TPG', 'Podtatrze');
INSERT INTO Mountain_Points_Mountain_Ranges (mountain_points_name, mountain_ranges_name) VALUES ('Chochołów', 'Podtatrze');
INSERT INTO Mountain_Points_Mountain_Ranges (mountain_points_name, mountain_ranges_name) VALUES ('Witów', 'Podtatrze');
INSERT INTO Mountain_Points_Mountain_Ranges (mountain_points_name, mountain_ranges_name) VALUES ('Palenica Kościeliska', 'Podtatrze');
INSERT INTO Mountain_Points_Mountain_Ranges (mountain_points_name, mountain_ranges_name) VALUES ('Skibówki', 'Podtatrze');
INSERT INTO Mountain_Points_Mountain_Ranges (mountain_points_name, mountain_ranges_name) VALUES ('Butorowy Wierch', 'Podtatrze');
INSERT INTO Mountain_Points_Mountain_Ranges (mountain_points_name, mountain_ranges_name) VALUES ('Dzianisz', 'Podtatrze');
INSERT INTO Mountain_Points_Mountain_Ranges (mountain_points_name, mountain_ranges_name) VALUES ('Dom Turysty PTTK', 'Podtatrze');
INSERT INTO Mountain_Points_Mountain_Ranges (mountain_points_name, mountain_ranges_name) VALUES ('Hotel Kasprowy', 'Podtatrze');
INSERT INTO Mountain_Points_Mountain_Ranges (mountain_points_name, mountain_ranges_name) VALUES ('Gubałówka', 'Podtatrze');
INSERT INTO Mountain_Points_Mountain_Ranges (mountain_points_name, mountain_ranges_name) VALUES ('Nowe Bystre', 'Podtatrze');
INSERT INTO Mountain_Points_Mountain_Ranges (mountain_points_name, mountain_ranges_name) VALUES ('Rogoźnik', 'Podtatrze');
INSERT INTO Mountain_Points_Mountain_Ranges (mountain_points_name, mountain_ranges_name) VALUES ('Eliaszówka', 'Podtatrze');
INSERT INTO Mountain_Points_Mountain_Ranges (mountain_points_name, mountain_ranges_name) VALUES ('Szaflary', 'Podtatrze');
INSERT INTO Mountain_Points_Mountain_Ranges (mountain_points_name, mountain_ranges_name) VALUES ('Cisowa Skała', 'Podtatrze');
INSERT INTO Mountain_Points_Mountain_Ranges (mountain_points_name, mountain_ranges_name) VALUES ('Cisowa Skała', 'Spisz i Pieniny');
INSERT INTO Mountain_Points_Mountain_Ranges (mountain_points_name, mountain_ranges_name) VALUES ('Ludźmierz', 'Podtatrze');
INSERT INTO Mountain_Points_Mountain_Ranges (mountain_points_name, mountain_ranges_name) VALUES ('Nowy Targ', 'Podtatrze');
INSERT INTO Mountain_Points_Mountain_Ranges (mountain_points_name, mountain_ranges_name) VALUES ('Rafaczyńska Grapa', 'Podtatrze');
INSERT INTO Mountain_Points_Mountain_Ranges (mountain_points_name, mountain_ranges_name) VALUES ('Harenda', 'Podtatrze');
INSERT INTO Mountain_Points_Mountain_Ranges (mountain_points_name, mountain_ranges_name) VALUES ('Poronin', 'Podtatrze');
INSERT INTO Mountain_Points_Mountain_Ranges (mountain_points_name, mountain_ranges_name) VALUES ('Dom Turysty PTTK - Harenda', 'Podtatrze');
INSERT INTO Mountain_Points_Mountain_Ranges (mountain_points_name, mountain_ranges_name) VALUES ('Murzasichle', 'Podtatrze');
INSERT INTO Mountain_Points_Mountain_Ranges (mountain_points_name, mountain_ranges_name) VALUES ('Małe Ciche', 'Podtatrze');
INSERT INTO Mountain_Points_Mountain_Ranges (mountain_points_name, mountain_ranges_name) VALUES ('Galicowa Grapa', 'Podtatrze');
INSERT INTO Mountain_Points_Mountain_Ranges (mountain_points_name, mountain_ranges_name) VALUES ('Bukowina Tatrzańska Klin', 'Podtatrze');
INSERT INTO Mountain_Points_Mountain_Ranges (mountain_points_name, mountain_ranges_name) VALUES ('Bukowina Tatrzańska Dolna', 'Podtatrze');
INSERT INTO Mountain_Points_Mountain_Ranges (mountain_points_name, mountain_ranges_name) VALUES ('Jurgów', 'Podtatrze');
INSERT INTO Mountain_Points_Mountain_Ranges (mountain_points_name, mountain_ranges_name) VALUES ('Głodówka', 'Podtatrze');
INSERT INTO Mountain_Points_Mountain_Ranges (mountain_points_name, mountain_ranges_name) VALUES ('Zazadnia', 'Podtatrze');
INSERT INTO Mountain_Points_Mountain_Ranges (mountain_points_name, mountain_ranges_name) VALUES ('Białka Tatrzańska', 'Podtatrze');

INSERT INTO mountain_segments (starting_point_name, end_point_name) VALUES ('Dolina Filipka', 'Rusinowa Polana');
INSERT INTO mountain_segments (starting_point_name, end_point_name) VALUES ('Wierch Poroniec', 'Rusinowa Polana');
INSERT INTO mountain_segments (starting_point_name, end_point_name) VALUES ('Palenica Białczańska', 'Rusinowa Polana');
INSERT INTO mountain_segments (starting_point_name, end_point_name) VALUES ('Polana Pod Wołoszynem', 'Rusinowa Polana');
INSERT INTO mountain_segments (starting_point_name, end_point_name) VALUES ('Palenica Białczańska', 'Łysa Polana');
INSERT INTO mountain_segments (starting_point_name, end_point_name) VALUES ('Wierch Poroniec', 'Łysa Polana');
INSERT INTO mountain_segments (starting_point_name, end_point_name) VALUES ('Rusinowa Polana', 'Gęsia Szyja');
INSERT INTO mountain_segments (starting_point_name, end_point_name) VALUES ('Rówień Waksmundzka', 'Gęsia Szyja');
INSERT INTO mountain_segments (starting_point_name, end_point_name) VALUES ('Schronisko PTTK na Hali Gąsienicowej', 'Rówień Waksmundzka');
INSERT INTO mountain_segments (starting_point_name, end_point_name) VALUES ('Czerwony Staw w Dolinie Pańszczycy', 'Rówień Waksmundzka');
INSERT INTO mountain_segments (starting_point_name, end_point_name) VALUES ('Psia Trawka', 'Rówień Waksmundzka');
INSERT INTO mountain_segments (starting_point_name, end_point_name) VALUES ('Polana Pod Wołoszynem', 'Rówień Waksmundzka');
INSERT INTO mountain_segments (starting_point_name, end_point_name) VALUES ('Schronisko PTTK na Hali Gąsienicowej', 'Psia Trawka');
INSERT INTO mountain_segments (starting_point_name, end_point_name) VALUES ('Brzeziny', 'Psia Trawka');
INSERT INTO mountain_segments (starting_point_name, end_point_name) VALUES ('Palenica Białczańska', 'Wodogrzmoty Mickiewicza');
INSERT INTO mountain_segments (starting_point_name, end_point_name) VALUES ('Polana Pod Wołoszynem', 'Wodogrzmoty Mickiewicza');
INSERT INTO mountain_segments (starting_point_name, end_point_name) VALUES ('Schronisko PTTK w Roztoce', 'Wodogrzmoty Mickiewicza');
INSERT INTO mountain_segments (starting_point_name, end_point_name) VALUES ('Wodogrzmoty Mickiewicza', 'Schronisko PTTK nad Morskim Okiem');
INSERT INTO mountain_segments (starting_point_name, end_point_name) VALUES ('Wokół Morskiego Oka', 'Schronisko PTTK nad Morskim Okiem');
INSERT INTO mountain_segments (starting_point_name, end_point_name) VALUES ('Schronisko PTTK nad Morskim Okiem', 'Czarny Staw nad Morskim Okiem');
INSERT INTO mountain_segments (starting_point_name, end_point_name) VALUES ('Rysy', 'Czarny Staw nad Morskim Okiem');
INSERT INTO mountain_segments (starting_point_name, end_point_name) VALUES ('Mięguszowiecka Przełęcz pod Chłopkiem', 'Czarny Staw nad Morskim Okiem');
INSERT INTO mountain_segments (starting_point_name, end_point_name) VALUES ('Schronisko PTTK nad Morskim Okiem', 'Dolina za Mnichem');
INSERT INTO mountain_segments (starting_point_name, end_point_name) VALUES ('Wrota Chałubińskiego', 'Dolina za Mnichem');
INSERT INTO mountain_segments (starting_point_name, end_point_name) VALUES ('Tablica S. Bronikowskiego', 'Szpiglasowa Przełęcz');
INSERT INTO mountain_segments (starting_point_name, end_point_name) VALUES ('Dolina za Mnichem', 'Szpiglasowa Przełęcz');
INSERT INTO mountain_segments (starting_point_name, end_point_name) VALUES ('Tablica S. Bronikowskiego', 'Siklawa');
INSERT INTO mountain_segments (starting_point_name, end_point_name) VALUES ('Wodogrzmoty Mickiewicza', 'Siklawa');
INSERT INTO mountain_segments (starting_point_name, end_point_name) VALUES ('Siklawa', 'Schronisko PTTK w Dolinie Pięciu Stawów Polskich');
INSERT INTO mountain_segments (starting_point_name, end_point_name) VALUES ('Schronisko PTTK nad Morskim Okiem', 'Schronisko PTTK w Dolinie Pięciu Stawów Polskich');
INSERT INTO mountain_segments (starting_point_name, end_point_name) VALUES ('Siklawa', 'Kozi Wierch');
INSERT INTO mountain_segments (starting_point_name, end_point_name) VALUES ('Kozia Przełęcz', 'Kozi Wierch');
INSERT INTO mountain_segments (starting_point_name, end_point_name) VALUES ('Tablica S. Bronikowskiego', 'Kozia Przełęcz');
INSERT INTO mountain_segments (starting_point_name, end_point_name) VALUES ('Kozia Dolinka', 'Kozia Przełęcz');
INSERT INTO mountain_segments (starting_point_name, end_point_name) VALUES ('Przełęcz Zawrat', 'Kozia Przełęcz');
INSERT INTO mountain_segments (starting_point_name, end_point_name) VALUES ('Czarny Staw Gąsienicowy', 'Przełęcz Zawrat');
INSERT INTO mountain_segments (starting_point_name, end_point_name) VALUES ('Tablica S. Bronikowskiego', 'Przełęcz Zawrat');
INSERT INTO mountain_segments (starting_point_name, end_point_name) VALUES ('Przełęcz Zawrat', 'Świnica');
INSERT INTO mountain_segments (starting_point_name, end_point_name) VALUES ('Świnicka Przełęcz', 'Świnica');
INSERT INTO mountain_segments (starting_point_name, end_point_name) VALUES ('Przełęcz Liliowe', 'Świnicka Przełęcz');
INSERT INTO mountain_segments (starting_point_name, end_point_name) VALUES ('Zielony Staw Gąsienicowy', 'Świnicka Przełęcz');
INSERT INTO mountain_segments (starting_point_name, end_point_name) VALUES ('Czarny Staw Gąsienicowy', 'Kozia Dolinka');
INSERT INTO mountain_segments (starting_point_name, end_point_name) VALUES ('Żleb Kulczyńskiego', 'Kozia Dolinka');
INSERT INTO mountain_segments (starting_point_name, end_point_name) VALUES ('Kozi Wierch', 'Żleb Kulczyńskiego');
INSERT INTO mountain_segments (starting_point_name, end_point_name) VALUES ('Kozia Dolinka', 'Żleb Kulczyńskiego');
INSERT INTO mountain_segments (starting_point_name, end_point_name) VALUES ('Kozia Dolinka', 'Skrajny Granat');
INSERT INTO mountain_segments (starting_point_name, end_point_name) VALUES ('Żleb Kulczyńskiego', 'Skrajny Granat');
INSERT INTO mountain_segments (starting_point_name, end_point_name) VALUES ('Czarny Staw Gąsienicowy', 'Skrajny Granat');
INSERT INTO mountain_segments (starting_point_name, end_point_name) VALUES ('Schronisko PTTK w Dolinie Pięciu Stawów Polskich', 'Przełęcz Krzyżne');
INSERT INTO mountain_segments (starting_point_name, end_point_name) VALUES ('Skrajny Granat', 'Przełęcz Krzyżne');
INSERT INTO mountain_segments (starting_point_name, end_point_name) VALUES ('Czerwony Staw w Dolinie Pańszczycy', 'Przełęcz Krzyżne');
INSERT INTO mountain_segments (starting_point_name, end_point_name) VALUES ('Kościelec', 'Przełęcz Karb');
INSERT INTO mountain_segments (starting_point_name, end_point_name) VALUES ('Czarny Staw Gąsienicowy', 'Przełęcz Karb');
INSERT INTO mountain_segments (starting_point_name, end_point_name) VALUES ('Zielony Staw Gąsienicowy', 'Przełęcz Karb');
INSERT INTO mountain_segments (starting_point_name, end_point_name) VALUES ('Przełęcz Liliowe', 'Dwoiśniak');
INSERT INTO mountain_segments (starting_point_name, end_point_name) VALUES ('Schronisko PTTK na Hali Gąsienicowej', 'Dwoiśniak');
INSERT INTO mountain_segments (starting_point_name, end_point_name) VALUES ('Zielony Staw Gąsienicowy', 'Dwoiśniak');
INSERT INTO mountain_segments (starting_point_name, end_point_name) VALUES ('Czarny Staw Gąsienicowy', 'Schronisko PTTK na Hali Gąsienicowej');
INSERT INTO mountain_segments (starting_point_name, end_point_name) VALUES ('Czerwony Staw w Dolinie Pańszczycy', 'Schronisko PTTK na Hali Gąsienicowej');
INSERT INTO mountain_segments (starting_point_name, end_point_name) VALUES ('Siwa Polana', 'Droga "Pod Reglami"');
INSERT INTO mountain_segments (starting_point_name, end_point_name) VALUES ('Polana Biały Potok', 'Droga "Pod Reglami"');
INSERT INTO mountain_segments (starting_point_name, end_point_name) VALUES ('Kiry', 'Droga "Pod Reglami"');
INSERT INTO mountain_segments (starting_point_name, end_point_name) VALUES ('Gronik', 'Droga "Pod Reglami"');
INSERT INTO mountain_segments (starting_point_name, end_point_name) VALUES ('Dolina Białego', 'Droga "Pod Reglami"');
INSERT INTO mountain_segments (starting_point_name, end_point_name) VALUES ('Murowanica', 'Droga "Pod Reglami"');
INSERT INTO mountain_segments (starting_point_name, end_point_name) VALUES ('PKS Dolina Chochołowska', 'Polana Biały Potok');
INSERT INTO mountain_segments (starting_point_name, end_point_name) VALUES ('Polana Biały Potok', 'Polana Huciska');
INSERT INTO mountain_segments (starting_point_name, end_point_name) VALUES ('Siwa Polana', 'Polana Huciska');
INSERT INTO mountain_segments (starting_point_name, end_point_name) VALUES ('Polana Trzydniówka', 'Polana Huciska');
INSERT INTO mountain_segments (starting_point_name, end_point_name) VALUES ('Polana Biały Potok', 'Niżnia Kominiarska Polana');
INSERT INTO mountain_segments (starting_point_name, end_point_name) VALUES ('Polana Huciska', 'Niżnia Kominiarska Polana');
INSERT INTO mountain_segments (starting_point_name, end_point_name) VALUES ('Wyżnia Kira Miętusia', 'Niżnia Kominiarska Polana');
INSERT INTO mountain_segments (starting_point_name, end_point_name) VALUES ('Polana Trzydniówka', 'Schronisko PTTK na Polanie Chochołowskiej');
INSERT INTO mountain_segments (starting_point_name, end_point_name) VALUES ('Dolina Jarząbcza', 'Schronisko PTTK na Polanie Chochołowskiej');
INSERT INTO mountain_segments (starting_point_name, end_point_name) VALUES ('Wyżnia Dolina Chochołowska', 'Schronisko PTTK na Polanie Chochołowskiej');
INSERT INTO mountain_segments (starting_point_name, end_point_name) VALUES ('Dolina Jarząbcza', 'Trzydniowiański Wierch');
INSERT INTO mountain_segments (starting_point_name, end_point_name) VALUES ('Kończysty Wierch', 'Trzydniowiański Wierch');
INSERT INTO mountain_segments (starting_point_name, end_point_name) VALUES ('Polana Trzydniówka', 'Trzydniowiański Wierch');
INSERT INTO mountain_segments (starting_point_name, end_point_name) VALUES ('Kończysty Wierch', 'Jarząbczy Wierch');
INSERT INTO mountain_segments (starting_point_name, end_point_name) VALUES ('Wołowiec', 'Jarząbczy Wierch');
INSERT INTO mountain_segments (starting_point_name, end_point_name) VALUES ('Wyżnia Dolina Chochołowska', 'Wołowiec');
INSERT INTO mountain_segments (starting_point_name, end_point_name) VALUES ('Rakoń', 'Wołowiec');
INSERT INTO mountain_segments (starting_point_name, end_point_name) VALUES ('Schronisko PTTK na Polanie Chochołowskiej', 'Grześ');
INSERT INTO mountain_segments (starting_point_name, end_point_name) VALUES ('Rakoń', 'Grześ');
INSERT INTO mountain_segments (starting_point_name, end_point_name) VALUES ('Kończysty Wierch', 'Starorobociański Wierch');
INSERT INTO mountain_segments (starting_point_name, end_point_name) VALUES ('Raczkowa Przełęcz', 'Starorobociański Wierch');
INSERT INTO mountain_segments (starting_point_name, end_point_name) VALUES ('Raczkowa Przełęcz', 'Siwa Przełęcz');
INSERT INTO mountain_segments (starting_point_name, end_point_name) VALUES ('Ornak', 'Siwa Przełęcz');
INSERT INTO mountain_segments (starting_point_name, end_point_name) VALUES ('Polana Trzydniówka', 'Starorobociańska Rówień');
INSERT INTO mountain_segments (starting_point_name, end_point_name) VALUES ('Siwa Przełęcz', 'Starorobociańska Rówień');
INSERT INTO mountain_segments (starting_point_name, end_point_name) VALUES ('Polana Trzydniówka', 'Iwaniacka Przełęcz');
INSERT INTO mountain_segments (starting_point_name, end_point_name) VALUES ('Schronisko PTTK na Hali Ornak', 'Iwaniacka Przełęcz');
INSERT INTO mountain_segments (starting_point_name, end_point_name) VALUES ('Ornak', 'Iwaniacka Przełęcz');
INSERT INTO mountain_segments (starting_point_name, end_point_name) VALUES ('Kiry', 'Wyżnia Kira Miętusia');
INSERT INTO mountain_segments (starting_point_name, end_point_name) VALUES ('Wyżnia Kira Miętusia', 'Lodowe Źródło');
INSERT INTO mountain_segments (starting_point_name, end_point_name) VALUES ('Polana Stoły', 'Lodowe Źródło');
INSERT INTO mountain_segments (starting_point_name, end_point_name) VALUES ('Jaskinia Mroźna', 'Lodowe Źródło');
INSERT INTO mountain_segments (starting_point_name, end_point_name) VALUES ('Lodowe Źródło', 'Polana Pisana');
INSERT INTO mountain_segments (starting_point_name, end_point_name) VALUES ('Wąwóz Kraków', 'Polana Pisana');
INSERT INTO mountain_segments (starting_point_name, end_point_name) VALUES ('Jaskinia Raptawicka', 'Polana Pisana');
INSERT INTO mountain_segments (starting_point_name, end_point_name) VALUES ('Jaskinia Mylna', 'Polana Pisana');
INSERT INTO mountain_segments (starting_point_name, end_point_name) VALUES ('Polana Pisana', 'Schronisko PTTK na Hali Ornak');
INSERT INTO mountain_segments (starting_point_name, end_point_name) VALUES ('Smreczyński Staw', 'Schronisko PTTK na Hali Ornak');
INSERT INTO mountain_segments (starting_point_name, end_point_name) VALUES ('Schronisko PTTK na Hali Ornak', 'Wyżnia Tomanowa Polana');
INSERT INTO mountain_segments (starting_point_name, end_point_name) VALUES ('Chuda Przełączka', 'Wyżnia Tomanowa Polana');
INSERT INTO mountain_segments (starting_point_name, end_point_name) VALUES ('Wyżnia Kira Miętusia', 'Chuda Przełączka');
INSERT INTO mountain_segments (starting_point_name, end_point_name) VALUES ('Ciemniak', 'Chuda Przełączka');
INSERT INTO mountain_segments (starting_point_name, end_point_name) VALUES ('Ciemniak', 'Krzesanica');
INSERT INTO mountain_segments (starting_point_name, end_point_name) VALUES ('Małołączniak', 'Krzesanica');
INSERT INTO mountain_segments (starting_point_name, end_point_name) VALUES ('Wyżnia Kira Miętusia', 'Przełęcz Przysłop Miętusi');
INSERT INTO mountain_segments (starting_point_name, end_point_name) VALUES ('Nędzówka', 'Przełęcz Przysłop Miętusi');
INSERT INTO mountain_segments (starting_point_name, end_point_name) VALUES ('Gronik', 'Przełęcz Przysłop Miętusi');
INSERT INTO mountain_segments (starting_point_name, end_point_name) VALUES ('Wielka Polana w Dolinie Małej Łąki', 'Przełęcz Przysłop Miętusi');
INSERT INTO mountain_segments (starting_point_name, end_point_name) VALUES ('Małołączniak', 'Kobylarz');
INSERT INTO mountain_segments (starting_point_name, end_point_name) VALUES ('Przełęcz Przysłop Miętusi', 'Kobylarz');
INSERT INTO mountain_segments (starting_point_name, end_point_name) VALUES ('Gronik', 'Wielka Polana w Dolinie Małej Łąki');
INSERT INTO mountain_segments (starting_point_name, end_point_name) VALUES ('Przełęcz Kondracka', 'Wielka Polana w Dolinie Małej Łąki');
INSERT INTO mountain_segments (starting_point_name, end_point_name) VALUES ('Przełęcz Kondracka', 'Kopa Kondracka');
INSERT INTO mountain_segments (starting_point_name, end_point_name) VALUES ('Przełęcz pod Kopą Kondracką', 'Kopa Kondracka');
INSERT INTO mountain_segments (starting_point_name, end_point_name) VALUES ('Małołączniak', 'Kopa Kondracka');
INSERT INTO mountain_segments (starting_point_name, end_point_name) VALUES ('Giewont', 'Przełęcz Kondracka');
INSERT INTO mountain_segments (starting_point_name, end_point_name) VALUES ('Przełęcz w Grzybowcu', 'Przełęcz Kondracka');
INSERT INTO mountain_segments (starting_point_name, end_point_name) VALUES ('Schronisko PTTK na Hali Kondratowej', 'Przełęcz Kondracka');
INSERT INTO mountain_segments (starting_point_name, end_point_name) VALUES ('Polana Strążyska', 'Przełęcz w Grzybowcu');
INSERT INTO mountain_segments (starting_point_name, end_point_name) VALUES ('Wielka Polana w Dolinie Małej Łąki', 'Przełęcz w Grzybowcu');
INSERT INTO mountain_segments (starting_point_name, end_point_name) VALUES ('Siklawica', 'Polana Strążyska');
INSERT INTO mountain_segments (starting_point_name, end_point_name) VALUES ('Polana Strążyska', 'Czerwona Przełęcz');
INSERT INTO mountain_segments (starting_point_name, end_point_name) VALUES ('Sarnia Skała', 'Czerwona Przełęcz');
INSERT INTO mountain_segments (starting_point_name, end_point_name) VALUES ('Dolina Białego', 'Czerwona Przełęcz');
INSERT INTO mountain_segments (starting_point_name, end_point_name) VALUES ('Dolina Białego', 'Przełęcz Białego');
INSERT INTO mountain_segments (starting_point_name, end_point_name) VALUES ('Hotel PTTK Kalatówki', 'Przełęcz Białego');
INSERT INTO mountain_segments (starting_point_name, end_point_name) VALUES ('Hotel PTTK Kalatówki', 'Schronisko PTTK na Hali Kondratowej');
INSERT INTO mountain_segments (starting_point_name, end_point_name) VALUES ('Przełęcz pod Kopą Kondracką', 'Schronisko PTTK na Hali Kondratowej');
INSERT INTO mountain_segments (starting_point_name, end_point_name) VALUES ('Dwoiśniak', 'Kasprowy Wierch');
INSERT INTO mountain_segments (starting_point_name, end_point_name) VALUES ('Myślenickie Turnie', 'Kasprowy Wierch');
INSERT INTO mountain_segments (starting_point_name, end_point_name) VALUES ('Przełęcz pod Kopą Kondracką', 'Kasprowy Wierch');
INSERT INTO mountain_segments (starting_point_name, end_point_name) VALUES ('Przełęcz Liliowe', 'Kasprowy Wierch');
INSERT INTO mountain_segments (starting_point_name, end_point_name) VALUES ('Dwoiśniak', 'Schronisko PTTK na Hali Gąsienicowej');
INSERT INTO mountain_segments (starting_point_name, end_point_name) VALUES ('Psia Trawka', 'Schronisko PTTK na Hali Gąsienicowej');
INSERT INTO mountain_segments (starting_point_name, end_point_name) VALUES ('Kuźnice', 'Schronisko PTTK na Hali Gąsienicowej');
INSERT INTO mountain_segments (starting_point_name, end_point_name) VALUES ('Hotel PTTK Kalatówki', 'Klasztor');
INSERT INTO mountain_segments (starting_point_name, end_point_name) VALUES ('Kuźnice', 'Klasztor');
INSERT INTO mountain_segments (starting_point_name, end_point_name) VALUES ('Hotel PTTK Kalatówki', 'Kuźnice');
INSERT INTO mountain_segments (starting_point_name, end_point_name) VALUES ('Murowanica', 'Kuźnice');
INSERT INTO mountain_segments (starting_point_name, end_point_name) VALUES ('Myślenickie Turnie', 'Kuźnice');
INSERT INTO mountain_segments (starting_point_name, end_point_name) VALUES ('Nosalowa Przełęcz', 'Kuźnice');
INSERT INTO mountain_segments (starting_point_name, end_point_name) VALUES ('Murowanica', 'Nosal');
INSERT INTO mountain_segments (starting_point_name, end_point_name) VALUES ('Nosalowa Przełęcz', 'Nosal');
INSERT INTO mountain_segments (starting_point_name, end_point_name) VALUES ('Nosalowa Przełęcz', 'Olczyska Polana');
INSERT INTO mountain_segments (starting_point_name, end_point_name) VALUES ('Jaszczurówka', 'Olczyska Polana');
INSERT INTO mountain_segments (starting_point_name, end_point_name) VALUES ('Kopieniec Wielki', 'Olczyska Polana');
INSERT INTO mountain_segments (starting_point_name, end_point_name) VALUES ('Kopieniec Wielki', 'Toporowa Cyrhla');
INSERT INTO mountain_segments (starting_point_name, end_point_name) VALUES ('Psia Trawka', 'Toporowa Cyrhla');
INSERT INTO mountain_segments (starting_point_name, end_point_name) VALUES ('Chochołów', 'Magura Witowska TPG');
INSERT INTO mountain_segments (starting_point_name, end_point_name) VALUES ('Witów', 'Magura Witowska TPG');
INSERT INTO mountain_segments (starting_point_name, end_point_name) VALUES ('PKS Dolina Chochołowska', 'Magura Witowska TPG');
INSERT INTO mountain_segments (starting_point_name, end_point_name) VALUES ('Kiry', 'Palenica Kościeliska');
INSERT INTO mountain_segments (starting_point_name, end_point_name) VALUES ('Gronik', 'Palenica Kościeliska');
INSERT INTO mountain_segments (starting_point_name, end_point_name) VALUES ('Skibówki', 'Palenica Kościeliska');
INSERT INTO mountain_segments (starting_point_name, end_point_name) VALUES ('PKS Dolina Chochołowska', 'Palenica Kościeliska');
INSERT INTO mountain_segments (starting_point_name, end_point_name) VALUES ('Witów', 'Palenica Kościeliska');
INSERT INTO mountain_segments (starting_point_name, end_point_name) VALUES ('Kiry', 'Butorowy Wierch');
INSERT INTO mountain_segments (starting_point_name, end_point_name) VALUES ('Palenica Kościeliska', 'Butorowy Wierch');
INSERT INTO mountain_segments (starting_point_name, end_point_name) VALUES ('Dzianisz', 'Butorowy Wierch');
INSERT INTO mountain_segments (starting_point_name, end_point_name) VALUES ('Gronik', 'Butorowy Wierch');
INSERT INTO mountain_segments (starting_point_name, end_point_name) VALUES ('Chochołów', 'Butorowy Wierch');
INSERT INTO mountain_segments (starting_point_name, end_point_name) VALUES ('Dom Turysty PTTK', 'Butorowy Wierch');
INSERT INTO mountain_segments (starting_point_name, end_point_name) VALUES ('Hotel Kasprowy', 'Butorowy Wierch');
INSERT INTO mountain_segments (starting_point_name, end_point_name) VALUES ('Skibówki', 'Butorowy Wierch');
INSERT INTO mountain_segments (starting_point_name, end_point_name) VALUES ('Butorowy Wierch', 'Gubałówka');
INSERT INTO mountain_segments (starting_point_name, end_point_name) VALUES ('Nowe Bystre', 'Gubałówka');
INSERT INTO mountain_segments (starting_point_name, end_point_name) VALUES ('Rogoźnik', 'Gubałówka');
INSERT INTO mountain_segments (starting_point_name, end_point_name) VALUES ('Eliaszówka', 'Gubałówka');
INSERT INTO mountain_segments (starting_point_name, end_point_name) VALUES ('Dom Turysty PTTK', 'Gubałówka');
INSERT INTO mountain_segments (starting_point_name, end_point_name) VALUES ('Szaflary', 'Eliaszówka');
INSERT INTO mountain_segments (starting_point_name, end_point_name) VALUES ('Cisowa Skała', 'Szaflary');
INSERT INTO mountain_segments (starting_point_name, end_point_name) VALUES ('Ludźmierz', 'Szaflary');
INSERT INTO mountain_segments (starting_point_name, end_point_name) VALUES ('Nowy Targ', 'Szaflary');
INSERT INTO mountain_segments (starting_point_name, end_point_name) VALUES ('Eliaszówka', 'Rafaczyńska Grapa');
INSERT INTO mountain_segments (starting_point_name, end_point_name) VALUES ('Harenda', 'Rafaczyńska Grapa');
INSERT INTO mountain_segments (starting_point_name, end_point_name) VALUES ('Poronin', 'Rafaczyńska Grapa');
INSERT INTO mountain_segments (starting_point_name, end_point_name) VALUES ('Dom Turysty PTTK', 'Rafaczyńska Grapa');
INSERT INTO mountain_segments (starting_point_name, end_point_name) VALUES ('Toporowa Cyrhla', 'Poronin');
INSERT INTO mountain_segments (starting_point_name, end_point_name) VALUES ('Murzasichle', 'Poronin');
INSERT INTO mountain_segments (starting_point_name, end_point_name) VALUES ('Małe Ciche', 'Poronin');
INSERT INTO mountain_segments (starting_point_name, end_point_name) VALUES ('Poronin', 'Galicowa Grapa');
INSERT INTO mountain_segments (starting_point_name, end_point_name) VALUES ('Bukowina Tatrzańska Klin', 'Galicowa Grapa');
INSERT INTO mountain_segments (starting_point_name, end_point_name) VALUES ('Bukowina Tatrzańska Dolna', 'Bukowina Tatrzańska Klin');
INSERT INTO mountain_segments (starting_point_name, end_point_name) VALUES ('Jurgów', 'Bukowina Tatrzańska Klin');
INSERT INTO mountain_segments (starting_point_name, end_point_name) VALUES ('Głodówka', 'Bukowina Tatrzańska Klin');
INSERT INTO mountain_segments (starting_point_name, end_point_name) VALUES ('Zazadnia', 'Bukowina Tatrzańska Klin');
INSERT INTO mountain_segments (starting_point_name, end_point_name) VALUES ('Jurgów', 'Głodówka');
INSERT INTO mountain_segments (starting_point_name, end_point_name) VALUES ('Wierch Poroniec', 'Głodówka');
INSERT INTO mountain_segments (starting_point_name, end_point_name) VALUES ('Jurgów', 'Bukowina Tatrzańska Dolna');
INSERT INTO mountain_segments (starting_point_name, end_point_name) VALUES ('Białka Tatrzańska', 'Bukowina Tatrzańska Dolna');

INSERT INTO trails (color, estimated_time, one_way, points_for_reaching, points_for_descent, mountain_range_name, mountain_segment_starting_point_name, mountain_segment_end_point_name) VALUES (1, 45, 0, 6, 3, 'Tatry Wysokie', 'Dolina Filipka', 'Rusinowa Polana');
INSERT INTO trails (color, estimated_time, one_way, points_for_reaching, points_for_descent, mountain_range_name, mountain_segment_starting_point_name, mountain_segment_end_point_name) VALUES (2, 60, 0, 6, 4, 'Tatry Wysokie', 'Wierch Poroniec', 'Rusinowa Polana');
INSERT INTO trails (color, estimated_time, one_way, points_for_reaching, points_for_descent, mountain_range_name, mountain_segment_starting_point_name, mountain_segment_end_point_name) VALUES (1, 30, 0, 4, 2, 'Tatry Wysokie', 'Palenica Białczańska', 'Rusinowa Polana');
INSERT INTO trails (color, estimated_time, one_way, points_for_reaching, points_for_descent, mountain_range_name, mountain_segment_starting_point_name, mountain_segment_end_point_name) VALUES (1, 45, 0, 3, 3, 'Tatry Wysokie', 'Polana Pod Wołoszynem', 'Rusinowa Polana');
INSERT INTO trails (color, estimated_time, one_way, points_for_reaching, points_for_descent, mountain_range_name, mountain_segment_starting_point_name, mountain_segment_end_point_name) VALUES (4, 45, 0, 3, 3, 'Tatry Wysokie', 'Polana Pod Wołoszynem', 'Rusinowa Polana');
INSERT INTO trails (color, estimated_time, one_way, points_for_reaching, points_for_descent, mountain_range_name, mountain_segment_starting_point_name, mountain_segment_end_point_name) VALUES (5, 15, 0, 1, 1, 'Tatry Wysokie', 'Palenica Białczańska', 'Łysa Polana');
INSERT INTO trails (color, estimated_time, one_way, points_for_reaching, points_for_descent, mountain_range_name, mountain_segment_starting_point_name, mountain_segment_end_point_name) VALUES (5, 45, 0, 3, 4, 'Tatry Wysokie', 'Wierch Poroniec', 'Łysa Polana');
INSERT INTO trails (color, estimated_time, one_way, points_for_reaching, points_for_descent, mountain_range_name, mountain_segment_starting_point_name, mountain_segment_end_point_name) VALUES (2, 15, 0, 4, 1, 'Tatry Wysokie', 'Rusinowa Polana', 'Gęsia Szyja');
INSERT INTO trails (color, estimated_time, one_way, points_for_reaching, points_for_descent, mountain_range_name, mountain_segment_starting_point_name, mountain_segment_end_point_name) VALUES (2, 15, 0, 2, 1, 'Tatry Wysokie', 'Rówień Waksmundzka', 'Gęsia Szyja');
INSERT INTO trails (color, estimated_time, one_way, points_for_reaching, points_for_descent, mountain_range_name, mountain_segment_starting_point_name, mountain_segment_end_point_name) VALUES (2, 90, 0, 7, 8, 'Tatry Wysokie', 'Schronisko PTTK na Hali Gąsienicowej', 'Rówień Waksmundzka');
INSERT INTO trails (color, estimated_time, one_way, points_for_reaching, points_for_descent, mountain_range_name, mountain_segment_starting_point_name, mountain_segment_end_point_name) VALUES (2, 60, 0, 4, 6, 'Tatry Wysokie', 'Czerwony Staw w Dolinie Pańszczycy', 'Rówień Waksmundzka');
INSERT INTO trails (color, estimated_time, one_way, points_for_reaching, points_for_descent, mountain_range_name, mountain_segment_starting_point_name, mountain_segment_end_point_name) VALUES (4, 60, 0, 4, 6, 'Tatry Wysokie', 'Czerwony Staw w Dolinie Pańszczycy', 'Rówień Waksmundzka');
INSERT INTO trails (color, estimated_time, one_way, points_for_reaching, points_for_descent, mountain_range_name, mountain_segment_starting_point_name, mountain_segment_end_point_name) VALUES (0, 45, 0, 5, 3, 'Tatry Wysokie', 'Psia Trawka', 'Rówień Waksmundzka');
INSERT INTO trails (color, estimated_time, one_way, points_for_reaching, points_for_descent, mountain_range_name, mountain_segment_starting_point_name, mountain_segment_end_point_name) VALUES (0, 30, 0, 4, 2, 'Tatry Wysokie', 'Polana Pod Wołoszynem', 'Rówień Waksmundzka');
INSERT INTO trails (color, estimated_time, one_way, points_for_reaching, points_for_descent, mountain_range_name, mountain_segment_starting_point_name, mountain_segment_end_point_name) VALUES (4, 60, 0, 4, 7, 'Tatry Wysokie', 'Schronisko PTTK na Hali Gąsienicowej', 'Psia Trawka');
INSERT INTO trails (color, estimated_time, one_way, points_for_reaching, points_for_descent, mountain_range_name, mountain_segment_starting_point_name, mountain_segment_end_point_name) VALUES (4, 45, 0, 5, 3, 'Tatry Wysokie', 'Brzeziny', 'Psia Trawka');
INSERT INTO trails (color, estimated_time, one_way, points_for_reaching, points_for_descent, mountain_range_name, mountain_segment_starting_point_name, mountain_segment_end_point_name) VALUES (0, 45, 0, 4, 3, 'Tatry Wysokie', 'Palenica Białczańska', 'Wodogrzmoty Mickiewicza');
INSERT INTO trails (color, estimated_time, one_way, points_for_reaching, points_for_descent, mountain_range_name, mountain_segment_starting_point_name, mountain_segment_end_point_name) VALUES (0, 30, 0, 2, 4, 'Tatry Wysokie', 'Polana Pod Wołoszynem', 'Wodogrzmoty Mickiewicza');
INSERT INTO trails (color, estimated_time, one_way, points_for_reaching, points_for_descent, mountain_range_name, mountain_segment_starting_point_name, mountain_segment_end_point_name) VALUES (2, 15, 0, 2, 1, 'Tatry Wysokie', 'Schronisko PTTK w Roztoce', 'Wodogrzmoty Mickiewicza');
INSERT INTO trails (color, estimated_time, one_way, points_for_reaching, points_for_descent, mountain_range_name, mountain_segment_starting_point_name, mountain_segment_end_point_name) VALUES (0, 75, 0, 8, 5, 'Tatry Wysokie', 'Wodogrzmoty Mickiewicza', 'Schronisko PTTK nad Morskim Okiem');
INSERT INTO trails (color, estimated_time, one_way, points_for_reaching, points_for_descent, mountain_range_name, mountain_segment_starting_point_name, mountain_segment_end_point_name) VALUES (0, 30, 0, 2, 2, 'Tatry Wysokie', 'Wokół Morskiego Oka', 'Schronisko PTTK nad Morskim Okiem');
INSERT INTO trails (color, estimated_time, one_way, points_for_reaching, points_for_descent, mountain_range_name, mountain_segment_starting_point_name, mountain_segment_end_point_name) VALUES (0, 30, 0, 4, 2, 'Tatry Wysokie', 'Schronisko PTTK nad Morskim Okiem', 'Czarny Staw nad Morskim Okiem');
INSERT INTO trails (color, estimated_time, one_way, points_for_reaching, points_for_descent, mountain_range_name, mountain_segment_starting_point_name, mountain_segment_end_point_name) VALUES (0, 80, 0, 4, 13, 'Tatry Wysokie', 'Rysy', 'Czarny Staw nad Morskim Okiem');
INSERT INTO trails (color, estimated_time, one_way, points_for_reaching, points_for_descent, mountain_range_name, mountain_segment_starting_point_name, mountain_segment_end_point_name) VALUES (2, 50, 0, 3, 10, 'Tatry Wysokie', 'Mięguszowiecka Przełęcz pod Chłopkiem', 'Czarny Staw nad Morskim Okiem');
INSERT INTO trails (color, estimated_time, one_way, points_for_reaching, points_for_descent, mountain_range_name, mountain_segment_starting_point_name, mountain_segment_end_point_name) VALUES (3, 40, 0, 6, 2, 'Tatry Wysokie', 'Schronisko PTTK nad Morskim Okiem', 'Dolina za Mnichem');
INSERT INTO trails (color, estimated_time, one_way, points_for_reaching, points_for_descent, mountain_range_name, mountain_segment_starting_point_name, mountain_segment_end_point_name) VALUES (0, 15, 0, 1, 3, 'Tatry Wysokie', 'Wrota Chałubińskiego', 'Dolina za Mnichem');
INSERT INTO trails (color, estimated_time, one_way, points_for_reaching, points_for_descent, mountain_range_name, mountain_segment_starting_point_name, mountain_segment_end_point_name) VALUES (3, 55, 0, 8, 3, 'Tatry Wysokie', 'Tablica S. Bronikowskiego', 'Szpiglasowa Przełęcz');
INSERT INTO trails (color, estimated_time, one_way, points_for_reaching, points_for_descent, mountain_range_name, mountain_segment_starting_point_name, mountain_segment_end_point_name) VALUES (3, 25, 0, 4, 1, 'Tatry Wysokie', 'Dolina za Mnichem', 'Szpiglasowa Przełęcz');
INSERT INTO trails (color, estimated_time, one_way, points_for_reaching, points_for_descent, mountain_range_name, mountain_segment_starting_point_name, mountain_segment_end_point_name) VALUES (1, 15, 0, 1, 1, 'Tatry Wysokie', 'Tablica S. Bronikowskiego', 'Siklawa');
INSERT INTO trails (color, estimated_time, one_way, points_for_reaching, points_for_descent, mountain_range_name, mountain_segment_starting_point_name, mountain_segment_end_point_name) VALUES (2, 75, 0, 10, 4, 'Tatry Wysokie', 'Wodogrzmoty Mickiewicza', 'Siklawa');
INSERT INTO trails (color, estimated_time, one_way, points_for_reaching, points_for_descent, mountain_range_name, mountain_segment_starting_point_name, mountain_segment_end_point_name) VALUES (1, 80, 0, 9, 5, 'Tatry Wysokie', 'Schronisko PTTK nad Morskim Okiem', 'Schronisko PTTK w Dolinie Pięciu Stawów Polskich');
INSERT INTO trails (color, estimated_time, one_way, points_for_reaching, points_for_descent, mountain_range_name, mountain_segment_starting_point_name, mountain_segment_end_point_name) VALUES (1, 15, 0, 1, 1, 'Tatry Wysokie', 'Siklawa', 'Schronisko PTTK w Dolinie Pięciu Stawów Polskich');
INSERT INTO trails (color, estimated_time, one_way, points_for_reaching, points_for_descent, mountain_range_name, mountain_segment_starting_point_name, mountain_segment_end_point_name) VALUES (1, 50, 0, 8, 2, 'Tatry Wysokie', 'Siklawa', 'Kozi Wierch');
INSERT INTO trails (color, estimated_time, one_way, points_for_reaching, points_for_descent, mountain_range_name, mountain_segment_starting_point_name, mountain_segment_end_point_name) VALUES (4, 50, 0, 8, 2, 'Tatry Wysokie', 'Siklawa', 'Kozi Wierch');
INSERT INTO trails (color, estimated_time, one_way, points_for_reaching, points_for_descent, mountain_range_name, mountain_segment_starting_point_name, mountain_segment_end_point_name) VALUES (0, 40, 1, 3, null, 'Tatry Wysokie', 'Kozia Przełęcz', 'Kozi Wierch');
INSERT INTO trails (color, estimated_time, one_way, points_for_reaching, points_for_descent, mountain_range_name, mountain_segment_starting_point_name, mountain_segment_end_point_name) VALUES (3, 45, 0, 6, 2, 'Tatry Wysokie', 'Tablica S. Bronikowskiego', 'Kozia Przełęcz');
INSERT INTO trails (color, estimated_time, one_way, points_for_reaching, points_for_descent, mountain_range_name, mountain_segment_starting_point_name, mountain_segment_end_point_name) VALUES (3, 20, 0, 3, 1, 'Tatry Wysokie', 'Kozia Dolinka', 'Kozia Przełęcz');
INSERT INTO trails (color, estimated_time, one_way, points_for_reaching, points_for_descent, mountain_range_name, mountain_segment_starting_point_name, mountain_segment_end_point_name) VALUES (0, 20, 1, 3, null, 'Tatry Wysokie', 'Przełęcz Zawrat', 'Kozia Przełęcz');
INSERT INTO trails (color, estimated_time, one_way, points_for_reaching, points_for_descent, mountain_range_name, mountain_segment_starting_point_name, mountain_segment_end_point_name) VALUES (1, 55, 0, 8, 3, 'Tatry Wysokie', 'Czarny Staw Gąsienicowy', 'Przełęcz Zawrat');
INSERT INTO trails (color, estimated_time, one_way, points_for_reaching, points_for_descent, mountain_range_name, mountain_segment_starting_point_name, mountain_segment_end_point_name) VALUES (1, 50, 0, 7, 3, 'Tatry Wysokie', 'Tablica S. Bronikowskiego', 'Przełęcz Zawrat');
INSERT INTO trails (color, estimated_time, one_way, points_for_reaching, points_for_descent, mountain_range_name, mountain_segment_starting_point_name, mountain_segment_end_point_name) VALUES (0, 45, 0, 4, 3, 'Tatry Wysokie', 'Przełęcz Zawrat', 'Świnica');
INSERT INTO trails (color, estimated_time, one_way, points_for_reaching, points_for_descent, mountain_range_name, mountain_segment_starting_point_name, mountain_segment_end_point_name) VALUES (0, 20, 0, 4, 1, 'Tatry Wysokie', 'Świnicka Przełęcz', 'Świnica');
INSERT INTO trails (color, estimated_time, one_way, points_for_reaching, points_for_descent, mountain_range_name, mountain_segment_starting_point_name, mountain_segment_end_point_name) VALUES (0, 30, 0, 3, 2, 'Tatry Wysokie', 'Przełęcz Liliowe', 'Świnicka Przełęcz');
INSERT INTO trails (color, estimated_time, one_way, points_for_reaching, points_for_descent, mountain_range_name, mountain_segment_starting_point_name, mountain_segment_end_point_name) VALUES (4, 20, 0, 5, 1, 'Tatry Wysokie', 'Zielony Staw Gąsienicowy', 'Świnicka Przełęcz');
INSERT INTO trails (color, estimated_time, one_way, points_for_reaching, points_for_descent, mountain_range_name, mountain_segment_starting_point_name, mountain_segment_end_point_name) VALUES (1, 30, 1, 2, null, 'Tatry Wysokie', 'Czarny Staw Gąsienicowy', 'Kozia Dolinka');
INSERT INTO trails (color, estimated_time, one_way, points_for_reaching, points_for_descent, mountain_range_name, mountain_segment_starting_point_name, mountain_segment_end_point_name) VALUES (2, 50, 0, 2, 6, 'Tatry Wysokie', 'Żleb Kulczyńskiego', 'Kozia Dolinka');
INSERT INTO trails (color, estimated_time, one_way, points_for_reaching, points_for_descent, mountain_range_name, mountain_segment_starting_point_name, mountain_segment_end_point_name) VALUES (0, 50, 0, 2, 6, 'Tatry Wysokie', 'Żleb Kulczyńskiego', 'Kozia Dolinka');
INSERT INTO trails (color, estimated_time, one_way, points_for_reaching, points_for_descent, mountain_range_name, mountain_segment_starting_point_name, mountain_segment_end_point_name) VALUES (2, 15, 1, 1, null, 'Tatry Wysokie', 'Kozi Wierch', 'Żleb Kulczyńskiego');
INSERT INTO trails (color, estimated_time, one_way, points_for_reaching, points_for_descent, mountain_range_name, mountain_segment_starting_point_name, mountain_segment_end_point_name) VALUES (2, 25, 0, 4, 1, 'Tatry Wysokie', 'Kozia Dolinka', 'Żleb Kulczyńskiego');
INSERT INTO trails (color, estimated_time, one_way, points_for_reaching, points_for_descent, mountain_range_name, mountain_segment_starting_point_name, mountain_segment_end_point_name) VALUES (4, 25, 0, 4, 1, 'Tatry Wysokie', 'Kozia Dolinka', 'Żleb Kulczyńskiego');
INSERT INTO trails (color, estimated_time, one_way, points_for_reaching, points_for_descent, mountain_range_name, mountain_segment_starting_point_name, mountain_segment_end_point_name) VALUES (2, 90, 1, 6, null, 'Tatry Wysokie', 'Kozia Dolinka', 'Skrajny Granat');
INSERT INTO trails (color, estimated_time, one_way, points_for_reaching, points_for_descent, mountain_range_name, mountain_segment_starting_point_name, mountain_segment_end_point_name) VALUES (0, 90, 1, 6, null, 'Tatry Wysokie', 'Kozia Dolinka', 'Skrajny Granat');
INSERT INTO trails (color, estimated_time, one_way, points_for_reaching, points_for_descent, mountain_range_name, mountain_segment_starting_point_name, mountain_segment_end_point_name) VALUES (0, 30, 1, 2, null, 'Tatry Wysokie', 'Żleb Kulczyńskiego', 'Skrajny Granat');
INSERT INTO trails (color, estimated_time, one_way, points_for_reaching, points_for_descent, mountain_range_name, mountain_segment_starting_point_name, mountain_segment_end_point_name) VALUES (1, 50, 0, 8, 2, 'Tatry Wysokie', 'Czarny Staw Gąsienicowy', 'Skrajny Granat');
INSERT INTO trails (color, estimated_time, one_way, points_for_reaching, points_for_descent, mountain_range_name, mountain_segment_starting_point_name, mountain_segment_end_point_name) VALUES (3, 50, 0, 8, 2, 'Tatry Wysokie', 'Czarny Staw Gąsienicowy', 'Skrajny Granat');
INSERT INTO trails (color, estimated_time, one_way, points_for_reaching, points_for_descent, mountain_range_name, mountain_segment_starting_point_name, mountain_segment_end_point_name) VALUES (1, 70, 0, 9, 4, 'Tatry Wysokie', 'Schronisko PTTK w Dolinie Pięciu Stawów Polskich', 'Przełęcz Krzyżne');
INSERT INTO trails (color, estimated_time, one_way, points_for_reaching, points_for_descent, mountain_range_name, mountain_segment_starting_point_name, mountain_segment_end_point_name) VALUES (3, 70, 0, 9, 4, 'Tatry Wysokie', 'Schronisko PTTK w Dolinie Pięciu Stawów Polskich', 'Przełęcz Krzyżne');
INSERT INTO trails (color, estimated_time, one_way, points_for_reaching, points_for_descent, mountain_range_name, mountain_segment_starting_point_name, mountain_segment_end_point_name) VALUES (0, 90, 1, 6, null, 'Tatry Wysokie', 'Skrajny Granat', 'Przełęcz Krzyżne');
INSERT INTO trails (color, estimated_time, one_way, points_for_reaching, points_for_descent, mountain_range_name, mountain_segment_starting_point_name, mountain_segment_end_point_name) VALUES (3, 60, 0, 8, 3, 'Tatry Wysokie', 'Czerwony Staw w Dolinie Pańszczycy', 'Przełęcz Krzyżne');
INSERT INTO trails (color, estimated_time, one_way, points_for_reaching, points_for_descent, mountain_range_name, mountain_segment_starting_point_name, mountain_segment_end_point_name) VALUES (4, 25, 0, 1, 4, 'Tatry Wysokie', 'Kościelec', 'Przełęcz Karb');
INSERT INTO trails (color, estimated_time, one_way, points_for_reaching, points_for_descent, mountain_range_name, mountain_segment_starting_point_name, mountain_segment_end_point_name) VALUES (4, 15, 0, 3, 1, 'Tatry Wysokie', 'Czarny Staw Gąsienicowy', 'Przełęcz Karb');
INSERT INTO trails (color, estimated_time, one_way, points_for_reaching, points_for_descent, mountain_range_name, mountain_segment_starting_point_name, mountain_segment_end_point_name) VALUES (1, 15, 0, 3, 1, 'Tatry Wysokie', 'Zielony Staw Gąsienicowy', 'Przełęcz Karb');
INSERT INTO trails (color, estimated_time, one_way, points_for_reaching, points_for_descent, mountain_range_name, mountain_segment_starting_point_name, mountain_segment_end_point_name) VALUES (2, 12, 0, 2, 5, 'Tatry Wysokie', 'Przełęcz Liliowe', 'Dwoiśniak');
INSERT INTO trails (color, estimated_time, one_way, points_for_reaching, points_for_descent, mountain_range_name, mountain_segment_starting_point_name, mountain_segment_end_point_name) VALUES (3, 15, 0, 2, 1, 'Tatry Wysokie', 'Schronisko PTTK na Hali Gąsienicowej', 'Dwoiśniak');
INSERT INTO trails (color, estimated_time, one_way, points_for_reaching, points_for_descent, mountain_range_name, mountain_segment_starting_point_name, mountain_segment_end_point_name) VALUES (4, 15, 0, 1, 3, 'Tatry Wysokie', 'Zielony Staw Gąsienicowy', 'Dwoiśniak');
INSERT INTO trails (color, estimated_time, one_way, points_for_reaching, points_for_descent, mountain_range_name, mountain_segment_starting_point_name, mountain_segment_end_point_name) VALUES (1, 30, 0, 2, 3, 'Tatry Wysokie', 'Czarny Staw Gąsienicowy', 'Schronisko PTTK na Hali Gąsienicowej');
INSERT INTO trails (color, estimated_time, one_way, points_for_reaching, points_for_descent, mountain_range_name, mountain_segment_starting_point_name, mountain_segment_end_point_name) VALUES (3, 60, 0, 4, 6, 'Tatry Wysokie', 'Czerwony Staw w Dolinie Pańszczycy', 'Schronisko PTTK na Hali Gąsienicowej');
INSERT INTO trails (color, estimated_time, one_way, points_for_reaching, points_for_descent, mountain_range_name, mountain_segment_starting_point_name, mountain_segment_end_point_name) VALUES (2, 15, 0, 1, 1, 'Tatry Zachodnie', 'Siwa Polana', 'Droga "Pod Reglami"');
INSERT INTO trails (color, estimated_time, one_way, points_for_reaching, points_for_descent, mountain_range_name, mountain_segment_starting_point_name, mountain_segment_end_point_name) VALUES (2, 15, 0, 1, 1, 'Tatry Zachodnie', 'Polana Biały Potok', 'Droga "Pod Reglami"');
INSERT INTO trails (color, estimated_time, one_way, points_for_reaching, points_for_descent, mountain_range_name, mountain_segment_starting_point_name, mountain_segment_end_point_name) VALUES (4, 45, 0, 3, 3, 'Tatry Zachodnie', 'Kiry', 'Droga "Pod Reglami"');
INSERT INTO trails (color, estimated_time, one_way, points_for_reaching, points_for_descent, mountain_range_name, mountain_segment_starting_point_name, mountain_segment_end_point_name) VALUES (4, 45, 0, 3, 3, 'Tatry Zachodnie', 'Gronik', 'Droga "Pod Reglami"');
INSERT INTO trails (color, estimated_time, one_way, points_for_reaching, points_for_descent, mountain_range_name, mountain_segment_starting_point_name, mountain_segment_end_point_name) VALUES (4, 30, 0, 2, 2, 'Tatry Zachodnie', 'Dolina Białego', 'Droga "Pod Reglami"');
INSERT INTO trails (color, estimated_time, one_way, points_for_reaching, points_for_descent, mountain_range_name, mountain_segment_starting_point_name, mountain_segment_end_point_name) VALUES (5, 45, 0, 3, 3, 'Tatry Zachodnie', 'Murowanica', 'Droga "Pod Reglami"');
INSERT INTO trails (color, estimated_time, one_way, points_for_reaching, points_for_descent, mountain_range_name, mountain_segment_starting_point_name, mountain_segment_end_point_name) VALUES (5, 15, 0, 1, 1, 'Tatry Zachodnie', 'PKS Dolina Chochołowska', 'Polana Biały Potok');
INSERT INTO trails (color, estimated_time, one_way, points_for_reaching, points_for_descent, mountain_range_name, mountain_segment_starting_point_name, mountain_segment_end_point_name) VALUES (2, 75, 0, 6, 5, 'Tatry Zachodnie', 'Polana Biały Potok', 'Polana Huciska');
INSERT INTO trails (color, estimated_time, one_way, points_for_reaching, points_for_descent, mountain_range_name, mountain_segment_starting_point_name, mountain_segment_end_point_name) VALUES (2, 60, 0, 5, 4, 'Tatry Zachodnie', 'Siwa Polana', 'Polana Huciska');
INSERT INTO trails (color, estimated_time, one_way, points_for_reaching, points_for_descent, mountain_range_name, mountain_segment_starting_point_name, mountain_segment_end_point_name) VALUES (2, 30, 0, 2, 3, 'Tatry Zachodnie', 'Polana Trzydniówka', 'Polana Huciska');
INSERT INTO trails (color, estimated_time, one_way, points_for_reaching, points_for_descent, mountain_range_name, mountain_segment_starting_point_name, mountain_segment_end_point_name) VALUES (3, 75, 0, 7, 5, 'Tatry Zachodnie', 'Polana Biały Potok', 'Niżnia Kominiarska Polana');
INSERT INTO trails (color, estimated_time, one_way, points_for_reaching, points_for_descent, mountain_range_name, mountain_segment_starting_point_name, mountain_segment_end_point_name) VALUES (5, 75, 0, 7, 5, 'Tatry Zachodnie', 'Polana Biały Potok', 'Niżnia Kominiarska Polana');
INSERT INTO trails (color, estimated_time, one_way, points_for_reaching, points_for_descent, mountain_range_name, mountain_segment_starting_point_name, mountain_segment_end_point_name) VALUES (2, 60, 0, 7, 4, 'Tatry Zachodnie', 'Polana Huciska', 'Niżnia Kominiarska Polana');
INSERT INTO trails (color, estimated_time, one_way, points_for_reaching, points_for_descent, mountain_range_name, mountain_segment_starting_point_name, mountain_segment_end_point_name) VALUES (4, 60, 0, 7, 4, 'Tatry Zachodnie', 'Polana Huciska', 'Niżnia Kominiarska Polana');
INSERT INTO trails (color, estimated_time, one_way, points_for_reaching, points_for_descent, mountain_range_name, mountain_segment_starting_point_name, mountain_segment_end_point_name) VALUES (4, 45, 0, 4, 3, 'Tatry Zachodnie', 'Wyżnia Kira Miętusia', 'Niżnia Kominiarska Polana');
INSERT INTO trails (color, estimated_time, one_way, points_for_reaching, points_for_descent, mountain_range_name, mountain_segment_starting_point_name, mountain_segment_end_point_name) VALUES (2, 15, 0, 2, 1, 'Tatry Zachodnie', 'Polana Trzydniówka', 'Schronisko PTTK na Polanie Chochołowskiej');
INSERT INTO trails (color, estimated_time, one_way, points_for_reaching, points_for_descent, mountain_range_name, mountain_segment_starting_point_name, mountain_segment_end_point_name) VALUES (0, 30, 0, 2, 5, 'Tatry Zachodnie', 'Dolina Jarząbcza', 'Schronisko PTTK na Polanie Chochołowskiej');
INSERT INTO trails (color, estimated_time, one_way, points_for_reaching, points_for_descent, mountain_range_name, mountain_segment_starting_point_name, mountain_segment_end_point_name) VALUES (2, 30, 0, 2, 5, 'Tatry Zachodnie', 'Wyżnia Dolina Chochołowska', 'Schronisko PTTK na Polanie Chochołowskiej');
INSERT INTO trails (color, estimated_time, one_way, points_for_reaching, points_for_descent, mountain_range_name, mountain_segment_starting_point_name, mountain_segment_end_point_name) VALUES (0, 30, 0, 6, 2, 'Tatry Zachodnie', 'Dolina Jarząbcza', 'Trzydniowiański Wierch');
INSERT INTO trails (color, estimated_time, one_way, points_for_reaching, points_for_descent, mountain_range_name, mountain_segment_starting_point_name, mountain_segment_end_point_name) VALUES (2, 30, 0, 2, 3, 'Tatry Zachodnie', 'Kończysty Wierch', 'Trzydniowiański Wierch');
INSERT INTO trails (color, estimated_time, one_way, points_for_reaching, points_for_descent, mountain_range_name, mountain_segment_starting_point_name, mountain_segment_end_point_name) VALUES (0, 70, 0, 10, 3, 'Tatry Zachodnie', 'Polana Trzydniówka', 'Trzydniowiański Wierch');
INSERT INTO trails (color, estimated_time, one_way, points_for_reaching, points_for_descent, mountain_range_name, mountain_segment_starting_point_name, mountain_segment_end_point_name) VALUES (0, 30, 0, 2, 3, 'Tatry Zachodnie', 'Kończysty Wierch', 'Jarząbczy Wierch');
INSERT INTO trails (color, estimated_time, one_way, points_for_reaching, points_for_descent, mountain_range_name, mountain_segment_starting_point_name, mountain_segment_end_point_name) VALUES (0, 120, 0, 9, 8, 'Tatry Zachodnie', 'Wołowiec', 'Jarząbczy Wierch');
INSERT INTO trails (color, estimated_time, one_way, points_for_reaching, points_for_descent, mountain_range_name, mountain_segment_starting_point_name, mountain_segment_end_point_name) VALUES (2, 60, 0, 9, 3, 'Tatry Zachodnie', 'Wyżnia Dolina Chochołowska', 'Wołowiec');
INSERT INTO trails (color, estimated_time, one_way, points_for_reaching, points_for_descent, mountain_range_name, mountain_segment_starting_point_name, mountain_segment_end_point_name) VALUES (1, 60, 0, 9, 3, 'Tatry Zachodnie', 'Wyżnia Dolina Chochołowska', 'Wołowiec');
INSERT INTO trails (color, estimated_time, one_way, points_for_reaching, points_for_descent, mountain_range_name, mountain_segment_starting_point_name, mountain_segment_end_point_name) VALUES (1, 20, 0, 3, 1, 'Tatry Zachodnie', 'Rakoń', 'Wołowiec');
INSERT INTO trails (color, estimated_time, one_way, points_for_reaching, points_for_descent, mountain_range_name, mountain_segment_starting_point_name, mountain_segment_end_point_name) VALUES (3, 60, 0, 8, 3, 'Tatry Zachodnie', 'Schronisko PTTK na Polanie Chochołowskiej', 'Grześ');
INSERT INTO trails (color, estimated_time, one_way, points_for_reaching, points_for_descent, mountain_range_name, mountain_segment_starting_point_name, mountain_segment_end_point_name) VALUES (1, 45, 0, 3, 5, 'Tatry Zachodnie', 'Rakoń', 'Grześ');
INSERT INTO trails (color, estimated_time, one_way, points_for_reaching, points_for_descent, mountain_range_name, mountain_segment_starting_point_name, mountain_segment_end_point_name) VALUES (0, 30, 0, 4, 2, 'Tatry Zachodnie', 'Kończysty Wierch', 'Starorobociański Wierch');
INSERT INTO trails (color, estimated_time, one_way, points_for_reaching, points_for_descent, mountain_range_name, mountain_segment_starting_point_name, mountain_segment_end_point_name) VALUES (0, 20, 0, 3, 1, 'Tatry Zachodnie', 'Raczkowa Przełęcz', 'Starorobociański Wierch');
INSERT INTO trails (color, estimated_time, one_way, points_for_reaching, points_for_descent, mountain_range_name, mountain_segment_starting_point_name, mountain_segment_end_point_name) VALUES (2, 15, 0, 1, 2, 'Tatry Zachodnie', 'Raczkowa Przełęcz', 'Siwa Przełęcz');
INSERT INTO trails (color, estimated_time, one_way, points_for_reaching, points_for_descent, mountain_range_name, mountain_segment_starting_point_name, mountain_segment_end_point_name) VALUES (2, 15, 0, 1, 2, 'Tatry Zachodnie', 'Ornak', 'Siwa Przełęcz');
INSERT INTO trails (color, estimated_time, one_way, points_for_reaching, points_for_descent, mountain_range_name, mountain_segment_starting_point_name, mountain_segment_end_point_name) VALUES (4, 50, 0, 6, 3, 'Tatry Zachodnie', 'Polana Trzydniówka', 'Starorobociańska Rówień');
INSERT INTO trails (color, estimated_time, one_way, points_for_reaching, points_for_descent, mountain_range_name, mountain_segment_starting_point_name, mountain_segment_end_point_name) VALUES (4, 45, 0, 2, 7, 'Tatry Zachodnie', 'Siwa Przełęcz', 'Starorobociańska Rówień');
INSERT INTO trails (color, estimated_time, one_way, points_for_reaching, points_for_descent, mountain_range_name, mountain_segment_starting_point_name, mountain_segment_end_point_name) VALUES (3, 60, 0, 7, 3, 'Tatry Zachodnie', 'Polana Trzydniówka', 'Iwaniacka Przełęcz');
INSERT INTO trails (color, estimated_time, one_way, points_for_reaching, points_for_descent, mountain_range_name, mountain_segment_starting_point_name, mountain_segment_end_point_name) VALUES (3, 55, 0, 6, 3, 'Tatry Zachodnie', 'Schronisko PTTK na Hali Ornak', 'Iwaniacka Przełęcz');
INSERT INTO trails (color, estimated_time, one_way, points_for_reaching, points_for_descent, mountain_range_name, mountain_segment_starting_point_name, mountain_segment_end_point_name) VALUES (2, 55, 0, 3, 8, 'Tatry Zachodnie', 'Ornak', 'Iwaniacka Przełęcz');
INSERT INTO trails (color, estimated_time, one_way, points_for_reaching, points_for_descent, mountain_range_name, mountain_segment_starting_point_name, mountain_segment_end_point_name) VALUES (2, 15, 0, 1, 1, 'Tatry Zachodnie', 'Kiry', 'Wyżnia Kira Miętusia');
INSERT INTO trails (color, estimated_time, one_way, points_for_reaching, points_for_descent, mountain_range_name, mountain_segment_starting_point_name, mountain_segment_end_point_name) VALUES (2, 15, 0, 1, 1, 'Tatry Zachodnie', 'Wyżnia Kira Miętusia', 'Lodowe Źródło');
INSERT INTO trails (color, estimated_time, one_way, points_for_reaching, points_for_descent, mountain_range_name, mountain_segment_starting_point_name, mountain_segment_end_point_name) VALUES (1, 40, 0, 2, 5, 'Tatry Zachodnie', 'Polana Stoły', 'Lodowe Źródło');
INSERT INTO trails (color, estimated_time, one_way, points_for_reaching, points_for_descent, mountain_range_name, mountain_segment_starting_point_name, mountain_segment_end_point_name) VALUES (4, 23, 1, 4, null, 'Tatry Zachodnie', 'Jaskinia Mroźna', 'Lodowe Źródło');
INSERT INTO trails (color, estimated_time, one_way, points_for_reaching, points_for_descent, mountain_range_name, mountain_segment_starting_point_name, mountain_segment_end_point_name) VALUES (2, 35, 0, 3, 2, 'Tatry Zachodnie', 'Lodowe Źródło', 'Polana Pisana');
INSERT INTO trails (color, estimated_time, one_way, points_for_reaching, points_for_descent, mountain_range_name, mountain_segment_starting_point_name, mountain_segment_end_point_name) VALUES (3, 45, 1, 3, null, 'Tatry Zachodnie', 'Wąwóz Kraków', 'Polana Pisana');
INSERT INTO trails (color, estimated_time, one_way, points_for_reaching, points_for_descent, mountain_range_name, mountain_segment_starting_point_name, mountain_segment_end_point_name) VALUES (2, 60, 1, 4, null, 'Tatry Zachodnie', 'Jaskinia Raptawicka', 'Polana Pisana');
INSERT INTO trails (color, estimated_time, one_way, points_for_reaching, points_for_descent, mountain_range_name, mountain_segment_starting_point_name, mountain_segment_end_point_name) VALUES (0, 60, 1, 4, null, 'Tatry Zachodnie', 'Jaskinia Mylna', 'Polana Pisana');
INSERT INTO trails (color, estimated_time, one_way, points_for_reaching, points_for_descent, mountain_range_name, mountain_segment_starting_point_name, mountain_segment_end_point_name) VALUES (4, 60, 1, 4, null, 'Tatry Zachodnie', 'Jaskinia Mylna', 'Polana Pisana');
INSERT INTO trails (color, estimated_time, one_way, points_for_reaching, points_for_descent, mountain_range_name, mountain_segment_starting_point_name, mountain_segment_end_point_name) VALUES (2, 35, 0, 3, 2, 'Tatry Zachodnie', 'Polana Pisana', 'Schronisko PTTK na Hali Ornak');
INSERT INTO trails (color, estimated_time, one_way, points_for_reaching, points_for_descent, mountain_range_name, mountain_segment_starting_point_name, mountain_segment_end_point_name) VALUES (4, 30, 0, 3, 2, 'Tatry Zachodnie', 'Smreczyński Staw', 'Schronisko PTTK na Hali Ornak');
INSERT INTO trails (color, estimated_time, one_way, points_for_reaching, points_for_descent, mountain_range_name, mountain_segment_starting_point_name, mountain_segment_end_point_name) VALUES (2, 45, 0, 4, 3, 'Tatry Zachodnie', 'Schronisko PTTK na Hali Ornak', 'Wyżnia Tomanowa Polana');
INSERT INTO trails (color, estimated_time, one_way, points_for_reaching, points_for_descent, mountain_range_name, mountain_segment_starting_point_name, mountain_segment_end_point_name) VALUES (2, 50, 0, 3, 7, 'Tatry Zachodnie', 'Chuda Przełączka', 'Wyżnia Tomanowa Polana');
INSERT INTO trails (color, estimated_time, one_way, points_for_reaching, points_for_descent, mountain_range_name, mountain_segment_starting_point_name, mountain_segment_end_point_name) VALUES (0, 85, 0, 13, 4, 'Tatry Zachodnie', 'Wyżnia Kira Miętusia', 'Chuda Przełączka');
INSERT INTO trails (color, estimated_time, one_way, points_for_reaching, points_for_descent, mountain_range_name, mountain_segment_starting_point_name, mountain_segment_end_point_name) VALUES (0, 20, 0, 1, 3, 'Tatry Zachodnie', 'Ciemniak', 'Chuda Przełączka');
INSERT INTO trails (color, estimated_time, one_way, points_for_reaching, points_for_descent, mountain_range_name, mountain_segment_starting_point_name, mountain_segment_end_point_name) VALUES (0, 15, 0, 1, 1, 'Tatry Zachodnie', 'Ciemniak', 'Krzesanica');
INSERT INTO trails (color, estimated_time, one_way, points_for_reaching, points_for_descent, mountain_range_name, mountain_segment_starting_point_name, mountain_segment_end_point_name) VALUES (0, 30, 0, 2, 2, 'Tatry Zachodnie', 'Małołączniak', 'Krzesanica');
INSERT INTO trails (color, estimated_time, one_way, points_for_reaching, points_for_descent, mountain_range_name, mountain_segment_starting_point_name, mountain_segment_end_point_name) VALUES (4, 45, 0, 5, 3, 'Tatry Zachodnie', 'Wyżnia Kira Miętusia', 'Przełęcz Przysłop Miętusi');
INSERT INTO trails (color, estimated_time, one_way, points_for_reaching, points_for_descent, mountain_range_name, mountain_segment_starting_point_name, mountain_segment_end_point_name) VALUES (0, 55, 0, 6, 3, 'Tatry Zachodnie', 'Nędzówka', 'Przełęcz Przysłop Miętusi');
INSERT INTO trails (color, estimated_time, one_way, points_for_reaching, points_for_descent, mountain_range_name, mountain_segment_starting_point_name, mountain_segment_end_point_name) VALUES (1, 50, 0, 5, 3, 'Tatry Zachodnie', 'Gronik', 'Przełęcz Przysłop Miętusi');
INSERT INTO trails (color, estimated_time, one_way, points_for_reaching, points_for_descent, mountain_range_name, mountain_segment_starting_point_name, mountain_segment_end_point_name) VALUES (4, 15, 0, 2, 1, 'Tatry Zachodnie', 'Wielka Polana w Dolinie Małej Łąki', 'Przełęcz Przysłop Miętusi');
INSERT INTO trails (color, estimated_time, one_way, points_for_reaching, points_for_descent, mountain_range_name, mountain_segment_starting_point_name, mountain_segment_end_point_name) VALUES (1, 40, 0, 2, 6, 'Tatry Zachodnie', 'Małołączniak', 'Kobylarz');
INSERT INTO trails (color, estimated_time, one_way, points_for_reaching, points_for_descent, mountain_range_name, mountain_segment_starting_point_name, mountain_segment_end_point_name) VALUES (1, 55, 0, 9, 3, 'Tatry Zachodnie', 'Przełęcz Przysłop Miętusi', 'Kobylarz');
INSERT INTO trails (color, estimated_time, one_way, points_for_reaching, points_for_descent, mountain_range_name, mountain_segment_starting_point_name, mountain_segment_end_point_name) VALUES (3, 50, 0, 5, 3, 'Tatry Zachodnie', 'Gronik', 'Wielka Polana w Dolinie Małej Łąki');
INSERT INTO trails (color, estimated_time, one_way, points_for_reaching, points_for_descent, mountain_range_name, mountain_segment_starting_point_name, mountain_segment_end_point_name) VALUES (3, 55, 0, 3, 8, 'Tatry Zachodnie', 'Przełęcz Kondracka', 'Wielka Polana w Dolinie Małej Łąki');
INSERT INTO trails (color, estimated_time, one_way, points_for_reaching, points_for_descent, mountain_range_name, mountain_segment_starting_point_name, mountain_segment_end_point_name) VALUES (3, 25, 0, 4, 1, 'Tatry Zachodnie', 'Przełęcz Kondracka', 'Kopa Kondracka');
INSERT INTO trails (color, estimated_time, one_way, points_for_reaching, points_for_descent, mountain_range_name, mountain_segment_starting_point_name, mountain_segment_end_point_name) VALUES (0, 20, 0, 2, 1, 'Tatry Zachodnie', 'Przełęcz pod Kopą Kondracką', 'Kopa Kondracka');
INSERT INTO trails (color, estimated_time, one_way, points_for_reaching, points_for_descent, mountain_range_name, mountain_segment_starting_point_name, mountain_segment_end_point_name) VALUES (0, 40, 0, 2, 3, 'Tatry Zachodnie', 'Małołączniak', 'Kopa Kondracka');
INSERT INTO trails (color, estimated_time, one_way, points_for_reaching, points_for_descent, mountain_range_name, mountain_segment_starting_point_name, mountain_segment_end_point_name) VALUES (1, 15, 0, 1, 2, 'Tatry Zachodnie', 'Giewont', 'Przełęcz Kondracka');
INSERT INTO trails (color, estimated_time, one_way, points_for_reaching, points_for_descent, mountain_range_name, mountain_segment_starting_point_name, mountain_segment_end_point_name) VALUES (0, 45, 0, 7, 2, 'Tatry Zachodnie', 'Przełęcz w Grzybowcu', 'Przełęcz Kondracka');
INSERT INTO trails (color, estimated_time, one_way, points_for_reaching, points_for_descent, mountain_range_name, mountain_segment_starting_point_name, mountain_segment_end_point_name) VALUES (1, 45, 0, 7, 2, 'Tatry Zachodnie', 'Przełęcz w Grzybowcu', 'Przełęcz Kondracka');
INSERT INTO trails (color, estimated_time, one_way, points_for_reaching, points_for_descent, mountain_range_name, mountain_segment_starting_point_name, mountain_segment_end_point_name) VALUES (1, 45, 0, 6, 2, 'Tatry Zachodnie', 'Schronisko PTTK na Hali Kondratowej', 'Przełęcz Kondracka');
INSERT INTO trails (color, estimated_time, one_way, points_for_reaching, points_for_descent, mountain_range_name, mountain_segment_starting_point_name, mountain_segment_end_point_name) VALUES (4, 35, 0, 4, 2, 'Tatry Zachodnie', 'Polana Strążyska', 'Przełęcz w Grzybowcu');
INSERT INTO trails (color, estimated_time, one_way, points_for_reaching, points_for_descent, mountain_range_name, mountain_segment_starting_point_name, mountain_segment_end_point_name) VALUES (3, 20, 0, 3, 1, 'Tatry Zachodnie', 'Wielka Polana w Dolinie Małej Łąki', 'Przełęcz w Grzybowcu');
INSERT INTO trails (color, estimated_time, one_way, points_for_reaching, points_for_descent, mountain_range_name, mountain_segment_starting_point_name, mountain_segment_end_point_name) VALUES (3, 15, 0, 1, 1, 'Tatry Zachodnie', 'Siklawica', 'Polana Strążyska');
INSERT INTO trails (color, estimated_time, one_way, points_for_reaching, points_for_descent, mountain_range_name, mountain_segment_starting_point_name, mountain_segment_end_point_name) VALUES (4, 25, 0, 4, 1, 'Tatry Zachodnie', 'Polana Strążyska', 'Czerwona Przełęcz');
INSERT INTO trails (color, estimated_time, one_way, points_for_reaching, points_for_descent, mountain_range_name, mountain_segment_starting_point_name, mountain_segment_end_point_name) VALUES (4, 15, 0, 1, 1, 'Tatry Zachodnie', 'Sarnia Skała', 'Czerwona Przełęcz');
INSERT INTO trails (color, estimated_time, one_way, points_for_reaching, points_for_descent, mountain_range_name, mountain_segment_starting_point_name, mountain_segment_end_point_name) VALUES (4, 18, 0, 2, 1, 'Tatry Zachodnie', 'Dolina Białego', 'Czerwona Przełęcz');
INSERT INTO trails (color, estimated_time, one_way, points_for_reaching, points_for_descent, mountain_range_name, mountain_segment_starting_point_name, mountain_segment_end_point_name) VALUES (4, 30, 0, 3, 2, 'Tatry Zachodnie', 'Dolina Białego', 'Przełęcz Białego');
INSERT INTO trails (color, estimated_time, one_way, points_for_reaching, points_for_descent, mountain_range_name, mountain_segment_starting_point_name, mountain_segment_end_point_name) VALUES (4, 15, 0, 2, 1, 'Tatry Zachodnie', 'Hotel PTTK Kalatówki', 'Przełęcz Białego');
INSERT INTO trails (color, estimated_time, one_way, points_for_reaching, points_for_descent, mountain_range_name, mountain_segment_starting_point_name, mountain_segment_end_point_name) VALUES (1, 35, 0, 4, 2, 'Tatry Zachodnie', 'Hotel PTTK Kalatówki', 'Schronisko PTTK na Hali Kondratowej');
INSERT INTO trails (color, estimated_time, one_way, points_for_reaching, points_for_descent, mountain_range_name, mountain_segment_starting_point_name, mountain_segment_end_point_name) VALUES (2, 55, 0, 3, 9, 'Tatry Zachodnie', 'Przełęcz pod Kopą Kondracką', 'Schronisko PTTK na Hali Kondratowej');
INSERT INTO trails (color, estimated_time, one_way, points_for_reaching, points_for_descent, mountain_range_name, mountain_segment_starting_point_name, mountain_segment_end_point_name) VALUES (3, 40, 0, 6, 2, 'Tatry Zachodnie', 'Dwoiśniak', 'Kasprowy Wierch');
INSERT INTO trails (color, estimated_time, one_way, points_for_reaching, points_for_descent, mountain_range_name, mountain_segment_starting_point_name, mountain_segment_end_point_name) VALUES (2, 50, 0, 9, 3, 'Tatry Zachodnie', 'Myślenickie Turnie', 'Kasprowy Wierch');
INSERT INTO trails (color, estimated_time, one_way, points_for_reaching, points_for_descent, mountain_range_name, mountain_segment_starting_point_name, mountain_segment_end_point_name) VALUES (0, 105, 0, 8, 7, 'Tatry Zachodnie', 'Przełęcz pod Kopą Kondracką', 'Kasprowy Wierch');
INSERT INTO trails (color, estimated_time, one_way, points_for_reaching, points_for_descent, mountain_range_name, mountain_segment_starting_point_name, mountain_segment_end_point_name) VALUES (0, 35, 0, 2, 2, 'Tatry Zachodnie', 'Przełęcz Liliowe', 'Kasprowy Wierch');
INSERT INTO trails (color, estimated_time, one_way, points_for_reaching, points_for_descent, mountain_range_name, mountain_segment_starting_point_name, mountain_segment_end_point_name) VALUES (3, 35, 0, 2, 2, 'Tatry Zachodnie', 'Przełęcz Liliowe', 'Kasprowy Wierch');
INSERT INTO trails (color, estimated_time, one_way, points_for_reaching, points_for_descent, mountain_range_name, mountain_segment_starting_point_name, mountain_segment_end_point_name) VALUES (2, 19, 0, 1, 2, 'Tatry Zachodnie', 'Dwoiśniak', 'Schronisko PTTK na Hali Gąsienicowej');
INSERT INTO trails (color, estimated_time, one_way, points_for_reaching, points_for_descent, mountain_range_name, mountain_segment_starting_point_name, mountain_segment_end_point_name) VALUES (4, 65, 0, 7, 4, 'Tatry Zachodnie', 'Psia Trawka', 'Schronisko PTTK na Hali Gąsienicowej');
INSERT INTO trails (color, estimated_time, one_way, points_for_reaching, points_for_descent, mountain_range_name, mountain_segment_starting_point_name, mountain_segment_end_point_name) VALUES (1, 100, 0, 11, 6, 'Tatry Zachodnie', 'Kuźnice', 'Schronisko PTTK na Hali Gąsienicowej');
INSERT INTO trails (color, estimated_time, one_way, points_for_reaching, points_for_descent, mountain_range_name, mountain_segment_starting_point_name, mountain_segment_end_point_name) VALUES (1, 35, 0, 3, 2, 'Tatry Zachodnie', 'Hotel PTTK Kalatówki', 'Klasztor');
INSERT INTO trails (color, estimated_time, one_way, points_for_reaching, points_for_descent, mountain_range_name, mountain_segment_starting_point_name, mountain_segment_end_point_name) VALUES (3, 35, 0, 3, 2, 'Tatry Zachodnie', 'Hotel PTTK Kalatówki', 'Klasztor');
INSERT INTO trails (color, estimated_time, one_way, points_for_reaching, points_for_descent, mountain_range_name, mountain_segment_starting_point_name, mountain_segment_end_point_name) VALUES (1, 35, 0, 3, 2, 'Tatry Zachodnie', 'Kuźnice', 'Klasztor');
INSERT INTO trails (color, estimated_time, one_way, points_for_reaching, points_for_descent, mountain_range_name, mountain_segment_starting_point_name, mountain_segment_end_point_name) VALUES (3, 35, 0, 3, 2, 'Tatry Zachodnie', 'Kuźnice', 'Klasztor');
INSERT INTO trails (color, estimated_time, one_way, points_for_reaching, points_for_descent, mountain_range_name, mountain_segment_starting_point_name, mountain_segment_end_point_name) VALUES (1, 35, 0, 2, 4, 'Tatry Zachodnie', 'Hotel PTTK Kalatówki', 'Kuźnice');
INSERT INTO trails (color, estimated_time, one_way, points_for_reaching, points_for_descent, mountain_range_name, mountain_segment_starting_point_name, mountain_segment_end_point_name) VALUES (5, 15, 0, 1, 1, 'Tatry Zachodnie', 'Murowanica', 'Kuźnice');
INSERT INTO trails (color, estimated_time, one_way, points_for_reaching, points_for_descent, mountain_range_name, mountain_segment_starting_point_name, mountain_segment_end_point_name) VALUES (2, 65, 0, 4, 7, 'Tatry Zachodnie', 'Myślenickie Turnie', 'Kuźnice');
INSERT INTO trails (color, estimated_time, one_way, points_for_reaching, points_for_descent, mountain_range_name, mountain_segment_starting_point_name, mountain_segment_end_point_name) VALUES (2, 15, 0, 1, 2, 'Tatry Zachodnie', 'Nosalowa Przełęcz', 'Kuźnice');
INSERT INTO trails (color, estimated_time, one_way, points_for_reaching, points_for_descent, mountain_range_name, mountain_segment_starting_point_name, mountain_segment_end_point_name) VALUES (2, 18, 0, 4, 1, 'Tatry Zachodnie', 'Murowanica', 'Nosal');
INSERT INTO trails (color, estimated_time, one_way, points_for_reaching, points_for_descent, mountain_range_name, mountain_segment_starting_point_name, mountain_segment_end_point_name) VALUES (2, 15, 0, 2, 1, 'Tatry Zachodnie', 'Nosalowa Przełęcz', 'Nosal');
INSERT INTO trails (color, estimated_time, one_way, points_for_reaching, points_for_descent, mountain_range_name, mountain_segment_starting_point_name, mountain_segment_end_point_name) VALUES (3, 15, 0, 1, 2, 'Tatry Zachodnie', 'Nosalowa Przełęcz', 'Olczyska Polana');
INSERT INTO trails (color, estimated_time, one_way, points_for_reaching, points_for_descent, mountain_range_name, mountain_segment_starting_point_name, mountain_segment_end_point_name) VALUES (2, 40, 0, 4, 2, 'Tatry Zachodnie', 'Jaszczurówka', 'Olczyska Polana');
INSERT INTO trails (color, estimated_time, one_way, points_for_reaching, points_for_descent, mountain_range_name, mountain_segment_starting_point_name, mountain_segment_end_point_name) VALUES (2, 35, 0, 2, 4, 'Tatry Zachodnie', 'Kopieniec Wielki', 'Olczyska Polana');
INSERT INTO trails (color, estimated_time, one_way, points_for_reaching, points_for_descent, mountain_range_name, mountain_segment_starting_point_name, mountain_segment_end_point_name) VALUES (2, 50, 0, 3, 6, 'Tatry Zachodnie', 'Kopieniec Wielki', 'Toporowa Cyrhla');
INSERT INTO trails (color, estimated_time, one_way, points_for_reaching, points_for_descent, mountain_range_name, mountain_segment_starting_point_name, mountain_segment_end_point_name) VALUES (0, 55, 0, 3, 6, 'Tatry Zachodnie', 'Psia Trawka', 'Toporowa Cyrhla');
INSERT INTO trails (color, estimated_time, one_way, points_for_reaching, points_for_descent, mountain_range_name, mountain_segment_starting_point_name, mountain_segment_end_point_name) VALUES (1, 140, 0, 14, 9, 'Podtatrze', 'Chochołów', 'Magura Witowska TPG');
INSERT INTO trails (color, estimated_time, one_way, points_for_reaching, points_for_descent, mountain_range_name, mountain_segment_starting_point_name, mountain_segment_end_point_name) VALUES (3, 140, 0, 14, 9, 'Podtatrze', 'Chochołów', 'Magura Witowska TPG');
INSERT INTO trails (color, estimated_time, one_way, points_for_reaching, points_for_descent, mountain_range_name, mountain_segment_starting_point_name, mountain_segment_end_point_name) VALUES (4, 90, 0, 10, 6, 'Podtatrze', 'Witów', 'Magura Witowska TPG');
INSERT INTO trails (color, estimated_time, one_way, points_for_reaching, points_for_descent, mountain_range_name, mountain_segment_starting_point_name, mountain_segment_end_point_name) VALUES (4, 80, 0, 9, 6, 'Podtatrze', 'PKS Dolina Chochołowska', 'Magura Witowska TPG');
INSERT INTO trails (color, estimated_time, one_way, points_for_reaching, points_for_descent, mountain_range_name, mountain_segment_starting_point_name, mountain_segment_end_point_name) VALUES (5, 80, 0, 9, 6, 'Podtatrze', 'PKS Dolina Chochołowska', 'Magura Witowska TPG');
INSERT INTO trails (color, estimated_time, one_way, points_for_reaching, points_for_descent, mountain_range_name, mountain_segment_starting_point_name, mountain_segment_end_point_name) VALUES (2, 60, 0, 7, 4, 'Podtatrze', 'Kiry', 'Palenica Kościeliska');
INSERT INTO trails (color, estimated_time, one_way, points_for_reaching, points_for_descent, mountain_range_name, mountain_segment_starting_point_name, mountain_segment_end_point_name) VALUES (5, 75, 0, 8, 5, 'Podtatrze', 'Gronik', 'Palenica Kościeliska');
INSERT INTO trails (color, estimated_time, one_way, points_for_reaching, points_for_descent, mountain_range_name, mountain_segment_starting_point_name, mountain_segment_end_point_name) VALUES (5, 75, 0, 9, 5, 'Podtatrze', 'Skibówki', 'Palenica Kościeliska');
INSERT INTO trails (color, estimated_time, one_way, points_for_reaching, points_for_descent, mountain_range_name, mountain_segment_starting_point_name, mountain_segment_end_point_name) VALUES (5, 90, 0, 9, 6, 'Podtatrze', 'PKS Dolina Chochołowska', 'Palenica Kościeliska');
INSERT INTO trails (color, estimated_time, one_way, points_for_reaching, points_for_descent, mountain_range_name, mountain_segment_starting_point_name, mountain_segment_end_point_name) VALUES (4, 90, 0, 9, 6, 'Podtatrze', 'PKS Dolina Chochołowska', 'Palenica Kościeliska');
INSERT INTO trails (color, estimated_time, one_way, points_for_reaching, points_for_descent, mountain_range_name, mountain_segment_starting_point_name, mountain_segment_end_point_name) VALUES (5, 105, 0, 12, 7, 'Podtatrze', 'Witów', 'Palenica Kościeliska');
INSERT INTO trails (color, estimated_time, one_way, points_for_reaching, points_for_descent, mountain_range_name, mountain_segment_starting_point_name, mountain_segment_end_point_name) VALUES (4, 105, 0, 12, 7, 'Podtatrze', 'Witów', 'Palenica Kościeliska');
INSERT INTO trails (color, estimated_time, one_way, points_for_reaching, points_for_descent, mountain_range_name, mountain_segment_starting_point_name, mountain_segment_end_point_name) VALUES (2, 60, 0, 7, 4, 'Podtatrze', 'Kiry', 'Butorowy Wierch');
INSERT INTO trails (color, estimated_time, one_way, points_for_reaching, points_for_descent, mountain_range_name, mountain_segment_starting_point_name, mountain_segment_end_point_name) VALUES (4, 30, 0, 2, 2, 'Podtatrze', 'Palenica Kościeliska', 'Butorowy Wierch');
INSERT INTO trails (color, estimated_time, one_way, points_for_reaching, points_for_descent, mountain_range_name, mountain_segment_starting_point_name, mountain_segment_end_point_name) VALUES (3, 60, 0, 6, 4, 'Podtatrze', 'Dzianisz', 'Butorowy Wierch');
INSERT INTO trails (color, estimated_time, one_way, points_for_reaching, points_for_descent, mountain_range_name, mountain_segment_starting_point_name, mountain_segment_end_point_name) VALUES (5, 60, 0, 6, 4, 'Podtatrze', 'Gronik', 'Butorowy Wierch');
INSERT INTO trails (color, estimated_time, one_way, points_for_reaching, points_for_descent, mountain_range_name, mountain_segment_starting_point_name, mountain_segment_end_point_name) VALUES (0, 180, 0, 15, 12, 'Podtatrze', 'Chochołów', 'Butorowy Wierch');
INSERT INTO trails (color, estimated_time, one_way, points_for_reaching, points_for_descent, mountain_range_name, mountain_segment_starting_point_name, mountain_segment_end_point_name) VALUES (3, 75, 0, 8, 5, 'Podtatrze', 'Dom Turysty PTTK', 'Butorowy Wierch');
INSERT INTO trails (color, estimated_time, one_way, points_for_reaching, points_for_descent, mountain_range_name, mountain_segment_starting_point_name, mountain_segment_end_point_name) VALUES (1, 50, 0, 7, 3, 'Podtatrze', 'Hotel Kasprowy', 'Butorowy Wierch');
INSERT INTO trails (color, estimated_time, one_way, points_for_reaching, points_for_descent, mountain_range_name, mountain_segment_starting_point_name, mountain_segment_end_point_name) VALUES (5, 75, 0, 7, 5, 'Podtatrze', 'Skibówki', 'Butorowy Wierch');
INSERT INTO trails (color, estimated_time, one_way, points_for_reaching, points_for_descent, mountain_range_name, mountain_segment_starting_point_name, mountain_segment_end_point_name) VALUES (0, 45, 0, 3, 3, 'Podtatrze', 'Butorowy Wierch', 'Gubałówka');
INSERT INTO trails (color, estimated_time, one_way, points_for_reaching, points_for_descent, mountain_range_name, mountain_segment_starting_point_name, mountain_segment_end_point_name) VALUES (0, 45, 0, 6, 3, 'Podtatrze', 'Nowe Bystre', 'Gubałówka');
INSERT INTO trails (color, estimated_time, one_way, points_for_reaching, points_for_descent, mountain_range_name, mountain_segment_starting_point_name, mountain_segment_end_point_name) VALUES (1, 45, 0, 6, 3, 'Podtatrze', 'Nowe Bystre', 'Gubałówka');
INSERT INTO trails (color, estimated_time, one_way, points_for_reaching, points_for_descent, mountain_range_name, mountain_segment_starting_point_name, mountain_segment_end_point_name) VALUES (0, 300, 0, 19, 24, 'Podtatrze', 'Rogoźnik', 'Gubałówka');
INSERT INTO trails (color, estimated_time, one_way, points_for_reaching, points_for_descent, mountain_range_name, mountain_segment_starting_point_name, mountain_segment_end_point_name) VALUES (5, 300, 0, 19, 24, 'Podtatrze', 'Rogoźnik', 'Gubałówka');
INSERT INTO trails (color, estimated_time, one_way, points_for_reaching, points_for_descent, mountain_range_name, mountain_segment_starting_point_name, mountain_segment_end_point_name) VALUES (2, 300, 0, 19, 24, 'Podtatrze', 'Rogoźnik', 'Gubałówka');
INSERT INTO trails (color, estimated_time, one_way, points_for_reaching, points_for_descent, mountain_range_name, mountain_segment_starting_point_name, mountain_segment_end_point_name) VALUES (0, 30, 0, 3, 2, 'Podtatrze', 'Eliaszówka', 'Gubałówka');
INSERT INTO trails (color, estimated_time, one_way, points_for_reaching, points_for_descent, mountain_range_name, mountain_segment_starting_point_name, mountain_segment_end_point_name) VALUES (4, 50, 0, 6, 3, 'Podtatrze', 'Dom Turysty PTTK', 'Gubałówka');
INSERT INTO trails (color, estimated_time, one_way, points_for_reaching, points_for_descent, mountain_range_name, mountain_segment_starting_point_name, mountain_segment_end_point_name) VALUES (2, 300, 0, 22, 20, 'Podtatrze', 'Szaflary', 'Eliaszówka');
INSERT INTO trails (color, estimated_time, one_way, points_for_reaching, points_for_descent, mountain_range_name, mountain_segment_starting_point_name, mountain_segment_end_point_name) VALUES (2, 120, 0, 8, 9, 'Podtatrze', 'Cisowa Skała', 'Szaflary');
INSERT INTO trails (color, estimated_time, one_way, points_for_reaching, points_for_descent, mountain_range_name, mountain_segment_starting_point_name, mountain_segment_end_point_name) VALUES (0, 105, 0, 7, 7, 'Podtatrze', 'Ludźmierz', 'Szaflary');
INSERT INTO trails (color, estimated_time, one_way, points_for_reaching, points_for_descent, mountain_range_name, mountain_segment_starting_point_name, mountain_segment_end_point_name) VALUES (2, 135, 0, 10, 9, 'Podtatrze', 'Nowy Targ', 'Szaflary');
INSERT INTO trails (color, estimated_time, one_way, points_for_reaching, points_for_descent, mountain_range_name, mountain_segment_starting_point_name, mountain_segment_end_point_name) VALUES (5, 135, 0, 10, 9, 'Podtatrze', 'Nowy Targ', 'Szaflary');
INSERT INTO trails (color, estimated_time, one_way, points_for_reaching, points_for_descent, mountain_range_name, mountain_segment_starting_point_name, mountain_segment_end_point_name) VALUES (0, 30, 0, 2, 3, 'Podtatrze', 'Eliaszówka', 'Rafaczyńska Grapa');
INSERT INTO trails (color, estimated_time, one_way, points_for_reaching, points_for_descent, mountain_range_name, mountain_segment_starting_point_name, mountain_segment_end_point_name) VALUES (3, 30, 0, 3, 2, 'Podtatrze', 'Harenda', 'Rafaczyńska Grapa');
INSERT INTO trails (color, estimated_time, one_way, points_for_reaching, points_for_descent, mountain_range_name, mountain_segment_starting_point_name, mountain_segment_end_point_name) VALUES (0, 45, 0, 5, 3, 'Podtatrze', 'Poronin', 'Rafaczyńska Grapa');
INSERT INTO trails (color, estimated_time, one_way, points_for_reaching, points_for_descent, mountain_range_name, mountain_segment_starting_point_name, mountain_segment_end_point_name) VALUES (3, 60, 0, 4, 5, 'Podtatrze', 'Dom Turysty PTTK', 'Rafaczyńska Grapa');
INSERT INTO trails (color, estimated_time, one_way, points_for_reaching, points_for_descent, mountain_range_name, mountain_segment_starting_point_name, mountain_segment_end_point_name) VALUES (5, 105, 0, 7, 9, 'Podtatrze', 'Toporowa Cyrhla', 'Poronin');
INSERT INTO trails (color, estimated_time, one_way, points_for_reaching, points_for_descent, mountain_range_name, mountain_segment_starting_point_name, mountain_segment_end_point_name) VALUES (5, 60, 0, 4, 7, 'Podtatrze', 'Murzasichle', 'Poronin');
INSERT INTO trails (color, estimated_time, one_way, points_for_reaching, points_for_descent, mountain_range_name, mountain_segment_starting_point_name, mountain_segment_end_point_name) VALUES (5, 120, 0, 8, 9, 'Podtatrze', 'Małe Ciche', 'Poronin');
INSERT INTO trails (color, estimated_time, one_way, points_for_reaching, points_for_descent, mountain_range_name, mountain_segment_starting_point_name, mountain_segment_end_point_name) VALUES (0, 30, 0, 4, 2, 'Podtatrze', 'Poronin', 'Galicowa Grapa');
INSERT INTO trails (color, estimated_time, one_way, points_for_reaching, points_for_descent, mountain_range_name, mountain_segment_starting_point_name, mountain_segment_end_point_name) VALUES (0, 90, 0, 6, 6, 'Podtatrze', 'Bukowina Tatrzańska Klin', 'Galicowa Grapa');
INSERT INTO trails (color, estimated_time, one_way, points_for_reaching, points_for_descent, mountain_range_name, mountain_segment_starting_point_name, mountain_segment_end_point_name) VALUES (0, 60, 0, 5, 4, 'Podtatrze', 'Bukowina Tatrzańska Dolna', 'Bukowina Tatrzańska Klin');
INSERT INTO trails (color, estimated_time, one_way, points_for_reaching, points_for_descent, mountain_range_name, mountain_segment_starting_point_name, mountain_segment_end_point_name) VALUES (5, 75, 0, 7, 5, 'Podtatrze', 'Jurgów', 'Bukowina Tatrzańska Klin');
INSERT INTO trails (color, estimated_time, one_way, points_for_reaching, points_for_descent, mountain_range_name, mountain_segment_starting_point_name, mountain_segment_end_point_name) VALUES (5, 60, 0, 4, 6, 'Podtatrze', 'Głodówka', 'Bukowina Tatrzańska Klin');
INSERT INTO trails (color, estimated_time, one_way, points_for_reaching, points_for_descent, mountain_range_name, mountain_segment_starting_point_name, mountain_segment_end_point_name) VALUES (5, 105, 0, 8, 7, 'Podtatrze', 'Zazadnia', 'Bukowina Tatrzańska Klin');
INSERT INTO trails (color, estimated_time, one_way, points_for_reaching, points_for_descent, mountain_range_name, mountain_segment_starting_point_name, mountain_segment_end_point_name) VALUES (5, 90, 0, 10, 6, 'Podtatrze', 'Jurgów', 'Głodówka');
INSERT INTO trails (color, estimated_time, one_way, points_for_reaching, points_for_descent, mountain_range_name, mountain_segment_starting_point_name, mountain_segment_end_point_name) VALUES (5, 30, 0, 2, 2, 'Podtatrze', 'Wierch Poroniec', 'Głodówka');
INSERT INTO trails (color, estimated_time, one_way, points_for_reaching, points_for_descent, mountain_range_name, mountain_segment_starting_point_name, mountain_segment_end_point_name) VALUES (5, 45, 0, 3, 3, 'Podtatrze', 'Jurgów', 'Bukowina Tatrzańska Dolna');
INSERT INTO trails (color, estimated_time, one_way, points_for_reaching, points_for_descent, mountain_range_name, mountain_segment_starting_point_name, mountain_segment_end_point_name) VALUES (2, 45, 0, 3, 3, 'Podtatrze', 'Jurgów', 'Bukowina Tatrzańska Dolna');
INSERT INTO trails (color, estimated_time, one_way, points_for_reaching, points_for_descent, mountain_range_name, mountain_segment_starting_point_name, mountain_segment_end_point_name) VALUES (5, 60, 0, 4, 4, 'Podtatrze', 'Białka Tatrzańska', 'Bukowina Tatrzańska Dolna');

-- Góry Świętokrzyskie
--GORYSW1
INSERT INTO Mountain_Points (name, maxAslHeight, minAslHeight) VALUES ('Guzdek', 350, null);
INSERT INTO Mountain_Points (name, maxAslHeight, minAslHeight) VALUES ('Gałki', 258, null);
INSERT INTO Mountain_Points (name, maxAslHeight, minAslHeight) VALUES ('Przysucha', 210, null);
INSERT INTO Mountain_Points (name, maxAslHeight, minAslHeight) VALUES ('Ruski Bród', 242, null);
INSERT INTO Mountain_Points (name, maxAslHeight, minAslHeight) VALUES ('Sowia Góra', 319, null);
INSERT INTO Mountain_Points (name, maxAslHeight, minAslHeight) VALUES ('Skłoby', 272, null);
INSERT INTO Mountain_Points (name, maxAslHeight, minAslHeight) VALUES ('Skłobska Góra', 330, null);
INSERT INTO Mountain_Points (name, maxAslHeight, minAslHeight) VALUES ('Stefanków', 231, null);
INSERT INTO Mountain_Points (name, maxAslHeight, minAslHeight) VALUES ('Chlewiska', 224, null);
INSERT INTO Mountain_Points (name, maxAslHeight, minAslHeight) VALUES ('Huta', 335, null);
INSERT INTO Mountain_Points (name, maxAslHeight, minAslHeight) VALUES ('Piekło Nakłańskie', 363, null);
INSERT INTO Mountain_Points (name, maxAslHeight, minAslHeight) VALUES ('Niekłań', 284, null);
INSERT INTO Mountain_Points (name, maxAslHeight, minAslHeight) VALUES ('Altana', 408, null);
INSERT INTO Mountain_Points (name, maxAslHeight, minAslHeight) VALUES ('Stara Kuźnica', 245, null);
INSERT INTO Mountain_Points (name, maxAslHeight, minAslHeight) VALUES ('Końskie', 244, null);
INSERT INTO Mountain_Points (name, maxAslHeight, minAslHeight) VALUES ('Aleksandrowo', 300, null);
INSERT INTO Mountain_Points (name, maxAslHeight, minAslHeight) VALUES ('Pogorzałe', 322, null);
INSERT INTO Mountain_Points (name, maxAslHeight, minAslHeight) VALUES ('Mroczków', 326, null);
INSERT INTO Mountain_Points (name, maxAslHeight, minAslHeight) VALUES ('Szydłowiec', 220, null);
INSERT INTO Mountain_Points (name, maxAslHeight, minAslHeight) VALUES ('Bliżyn', 268, null);
INSERT INTO Mountain_Points (name, maxAslHeight, minAslHeight) VALUES ('Świnia Góra', 390, null);
INSERT INTO Mountain_Points (name, maxAslHeight, minAslHeight) VALUES ('Rejów', 280, null);
INSERT INTO Mountain_Points (name, maxAslHeight, minAslHeight) VALUES ('Suchedniów', 269, null);
INSERT INTO Mountain_Points (name, maxAslHeight, minAslHeight) VALUES ('Bartków', 303, null);
INSERT INTO Mountain_Points (name, maxAslHeight, minAslHeight) VALUES ('Diabla Góra', 285, null);
INSERT INTO Mountain_Points (name, maxAslHeight, minAslHeight) VALUES ('Sielecka Góra', 285, null);
INSERT INTO Mountain_Points (name, maxAslHeight, minAslHeight) VALUES ('Skórkowice', 199, null);
INSERT INTO Mountain_Points (name, maxAslHeight, minAslHeight) VALUES ('Maleniec', 211, null);
INSERT INTO Mountain_Points (name, maxAslHeight, minAslHeight) VALUES ('Żarnów', 234, null);
--GORYSW2
INSERT INTO Mountain_Points (name, maxAslHeight, minAslHeight) VALUES ('Fajna Ryba', 347, null);
INSERT INTO Mountain_Points (name, maxAslHeight, minAslHeight) VALUES ('Przedbórz', 199, null);
INSERT INTO Mountain_Points (name, maxAslHeight, minAslHeight) VALUES ('Mokre Góry', 227, null);
INSERT INTO Mountain_Points (name, maxAslHeight, minAslHeight) VALUES ('Buczyna', 336, null);
INSERT INTO Mountain_Points (name, maxAslHeight, minAslHeight) VALUES ('Rączki', 226, null);
INSERT INTO Mountain_Points (name, maxAslHeight, minAslHeight) VALUES ('Dobromierz', 229, null);
INSERT INTO Mountain_Points (name, maxAslHeight, minAslHeight) VALUES ('Kozłowa', 337, null);
INSERT INTO Mountain_Points (name, maxAslHeight, minAslHeight) VALUES ('Żeleźnica', 223, null);
INSERT INTO Mountain_Points (name, maxAslHeight, minAslHeight) VALUES ('Świdzyńska', 311, null);
INSERT INTO Mountain_Points (name, maxAslHeight, minAslHeight) VALUES ('Krosocin', 256, null);
INSERT INTO Mountain_Points (name, maxAslHeight, minAslHeight) VALUES ('Święty Michał', 332, null);
INSERT INTO Mountain_Points (name, maxAslHeight, minAslHeight) VALUES ('Ludynia', 282, null);
--GORYSW3
INSERT INTO Mountain_Points (name, maxAslHeight, minAslHeight) VALUES ('Góra Dobrzeszowska', 364, null);
INSERT INTO Mountain_Points (name, maxAslHeight, minAslHeight) VALUES ('Jóźwików', 290, null);
INSERT INTO Mountain_Points (name, maxAslHeight, minAslHeight) VALUES ('Kuźniaki', 254, null);
INSERT INTO Mountain_Points (name, maxAslHeight, minAslHeight) VALUES ('Sielpia Wielka', 231, null);
INSERT INTO Mountain_Points (name, maxAslHeight, minAslHeight) VALUES ('Siniewska Góra', 449, null);
INSERT INTO Mountain_Points (name, maxAslHeight, minAslHeight) VALUES ('Strawczyn', 257, null);
INSERT INTO Mountain_Points (name, maxAslHeight, minAslHeight) VALUES ('Barania Góra', 427, null);
INSERT INTO Mountain_Points (name, maxAslHeight, minAslHeight) VALUES ('Oblęgorek', 271, null);
INSERT INTO Mountain_Points (name, maxAslHeight, minAslHeight) VALUES ('Porzecze', 264, null);
INSERT INTO Mountain_Points (name, maxAslHeight, minAslHeight) VALUES ('Bobrza', 374, null);
INSERT INTO Mountain_Points (name, maxAslHeight, minAslHeight) VALUES ('Małogoszcz', 285, null);
INSERT INTO Mountain_Points (name, maxAslHeight, minAslHeight) VALUES ('Cieśle', 360, null);
INSERT INTO Mountain_Points (name, maxAslHeight, minAslHeight) VALUES ('Brodowica', 275, null);
INSERT INTO Mountain_Points (name, maxAslHeight, minAslHeight) VALUES ('Bocheniec', 394, null);
INSERT INTO Mountain_Points (name, maxAslHeight, minAslHeight) VALUES ('Pola Gorgolowskie', 295, null);
INSERT INTO Mountain_Points (name, maxAslHeight, minAslHeight) VALUES ('Bocheniecka Czuhatka', 327, null);
INSERT INTO Mountain_Points (name, maxAslHeight, minAslHeight) VALUES ('Bolmin', 256, null);
INSERT INTO Mountain_Points (name, maxAslHeight, minAslHeight) VALUES ('Milechowska', 335, null);
INSERT INTO Mountain_Points (name, maxAslHeight, minAslHeight) VALUES ('Miedzianka', 345, null);
INSERT INTO Mountain_Points (name, maxAslHeight, minAslHeight) VALUES ('Wierna Rzeka', 229, null);
INSERT INTO Mountain_Points (name, maxAslHeight, minAslHeight) VALUES ('Grzyby Bolmińskie', 330, null);
INSERT INTO Mountain_Points (name, maxAslHeight, minAslHeight) VALUES ('Jedlica', 220, null);
INSERT INTO Mountain_Points (name, maxAslHeight, minAslHeight) VALUES ('Wilkomija', 262, null);
INSERT INTO Mountain_Points (name, maxAslHeight, minAslHeight) VALUES ('Brzegi', 162, null);
INSERT INTO Mountain_Points (name, maxAslHeight, minAslHeight) VALUES ('Mosty', 150, null);
INSERT INTO Mountain_Points (name, maxAslHeight, minAslHeight) VALUES ('Grzywy Korzeckowskie', 336, null);
INSERT INTO Mountain_Points (name, maxAslHeight, minAslHeight) VALUES ('Rzepka', 357, null);
INSERT INTO Mountain_Points (name, maxAslHeight, minAslHeight) VALUES ('Zamek w Chęcinach', 355, null);
INSERT INTO Mountain_Points (name, maxAslHeight, minAslHeight) VALUES ('Chęciny', 264, null);
INSERT INTO Mountain_Points (name, maxAslHeight, minAslHeight) VALUES ('Sosnówka', 320, null);
INSERT INTO Mountain_Points (name, maxAslHeight, minAslHeight) VALUES ('Rykoszyn', 270, null);
INSERT INTO Mountain_Points (name, maxAslHeight, minAslHeight) VALUES ('Bukowa', 483, null);
INSERT INTO Mountain_Points (name, maxAslHeight, minAslHeight) VALUES ('Grzbiet Gałęzicki', 360, null);
INSERT INTO Mountain_Points (name, maxAslHeight, minAslHeight) VALUES ('Jaskinia Piekło Skibskie', 318, null);
INSERT INTO Mountain_Points (name, maxAslHeight, minAslHeight) VALUES ('Szewce', 112, null);
INSERT INTO Mountain_Points (name, maxAslHeight, minAslHeight) VALUES ('Plebańska', 342, null);
INSERT INTO Mountain_Points (name, maxAslHeight, minAslHeight) VALUES ('Piekaszowa', 276, null);
INSERT INTO Mountain_Points (name, maxAslHeight, minAslHeight) VALUES ('Jaworznia', 354, 230);
INSERT INTO Mountain_Points (name, maxAslHeight, minAslHeight) VALUES ('Przełęcz pod Belnią', 354, null);
INSERT INTO Mountain_Points (name, maxAslHeight, minAslHeight) VALUES ('Jaskinia Raj', 250, null);
INSERT INTO Mountain_Points (name, maxAslHeight, minAslHeight) VALUES ('Patrol', 388, null);
INSERT INTO Mountain_Points (name, maxAslHeight, minAslHeight) VALUES ('Białogon', 238, null);
INSERT INTO Mountain_Points (name, maxAslHeight, minAslHeight) VALUES ('Słowik', 247, null);
--GORYSW4
INSERT INTO Mountain_Points (name, maxAslHeight, minAslHeight) VALUES ('Brusznia', 309, null);
INSERT INTO Mountain_Points (name, maxAslHeight, minAslHeight) VALUES ('Szczukowskie Górki', 200, null);
INSERT INTO Mountain_Points (name, maxAslHeight, minAslHeight) VALUES ('Karczówka', 290, null);
INSERT INTO Mountain_Points (name, maxAslHeight, minAslHeight) VALUES ('Dalnia', 310, null);
INSERT INTO Mountain_Points (name, maxAslHeight, minAslHeight) VALUES ('Czarnowo', 289, null);
INSERT INTO Mountain_Points (name, maxAslHeight, minAslHeight) VALUES ('Biesak', 337, null);
INSERT INTO Mountain_Points (name, maxAslHeight, minAslHeight) VALUES ('Przełęcz pod Obrazikiem', 333, null);
INSERT INTO Mountain_Points (name, maxAslHeight, minAslHeight) VALUES ('Posłowice', 305, null);
INSERT INTO Mountain_Points (name, maxAslHeight, minAslHeight) VALUES ('Bugalanka', 366, null);
INSERT INTO Mountain_Points (name, maxAslHeight, minAslHeight) VALUES ('Pierścienica', 367, null);
INSERT INTO Mountain_Points (name, maxAslHeight, minAslHeight) VALUES ('Wielka', 357, null);
INSERT INTO Mountain_Points (name, maxAslHeight, minAslHeight) VALUES ('Stadion Kielce', 250, null);
INSERT INTO Mountain_Points (name, maxAslHeight, minAslHeight) VALUES ('Kaweczyzna', 340, null);
INSERT INTO Mountain_Points (name, maxAslHeight, minAslHeight) VALUES ('Dyminy', 318, null);
INSERT INTO Mountain_Points (name, maxAslHeight, minAslHeight) VALUES ('Telegraf', 398, null);
INSERT INTO Mountain_Points (name, maxAslHeight, minAslHeight) VALUES ('Wietrzna', 290, null);
INSERT INTO Mountain_Points (name, maxAslHeight, minAslHeight) VALUES ('Bukówka', 320, null);
INSERT INTO Mountain_Points (name, maxAslHeight, minAslHeight) VALUES ('Babia Góra', 318, null);
INSERT INTO Mountain_Points (name, maxAslHeight, minAslHeight) VALUES ('Blicza', 250, null);
INSERT INTO Mountain_Points (name, maxAslHeight, minAslHeight) VALUES ('Suków', 250, null);
INSERT INTO Mountain_Points (name, maxAslHeight, minAslHeight) VALUES ('Sitkówka Nowiny', 238, null);
INSERT INTO Mountain_Points (name, maxAslHeight, minAslHeight) VALUES ('Zalesna', 321, null);
INSERT INTO Mountain_Points (name, maxAslHeight, minAslHeight) VALUES ('Zagórze', 258, null);
INSERT INTO Mountain_Points (name, maxAslHeight, minAslHeight) VALUES ('Otrocz', 375, null);
INSERT INTO Mountain_Points (name, maxAslHeight, minAslHeight) VALUES ('Cedzyna', 260, null);
INSERT INTO Mountain_Points (name, maxAslHeight, minAslHeight) VALUES ('Niestachów', 268, null);
INSERT INTO Mountain_Points (name, maxAslHeight, minAslHeight) VALUES ('Radlin', 288, null);
INSERT INTO Mountain_Points (name, maxAslHeight, minAslHeight) VALUES ('Sikorza', 361, null);
INSERT INTO Mountain_Points (name, maxAslHeight, minAslHeight) VALUES ('Jabłonna', 319, null);
INSERT INTO Mountain_Points (name, maxAslHeight, minAslHeight) VALUES ('Świnia', 350, null);
INSERT INTO Mountain_Points (name, maxAslHeight, minAslHeight) VALUES ('Papiernia', 240, null);
INSERT INTO Mountain_Points (name, maxAslHeight, minAslHeight) VALUES ('Borków', 245, null);
INSERT INTO Mountain_Points (name, maxAslHeight, minAslHeight) VALUES ('Słopiec', 238, null);
INSERT INTO Mountain_Points (name, maxAslHeight, minAslHeight) VALUES ('Daleszyce', 261, null);
INSERT INTO Mountain_Points (name, maxAslHeight, minAslHeight) VALUES ('Kamień', 302, null);
INSERT INTO Mountain_Points (name, maxAslHeight, minAslHeight) VALUES ('Huta Szklana', 221, null);
INSERT INTO Mountain_Points (name, maxAslHeight, minAslHeight) VALUES ('Września', 370, null);
INSERT INTO Mountain_Points (name, maxAslHeight, minAslHeight) VALUES ('Hucisko', 347, null);
INSERT INTO Mountain_Points (name, maxAslHeight, minAslHeight) VALUES ('Stołowa', 423, null);
INSERT INTO Mountain_Points (name, maxAslHeight, minAslHeight) VALUES ('Cisów', 410, 270);
INSERT INTO Mountain_Points (name, maxAslHeight, minAslHeight) VALUES ('Włochy', 427, null);
INSERT INTO Mountain_Points (name, maxAslHeight, minAslHeight) VALUES ('Wzgórza Kołomańskie', 400, null);
INSERT INTO Mountain_Points (name, maxAslHeight, minAslHeight) VALUES ('Samsonów', 321, null);
INSERT INTO Mountain_Points (name, maxAslHeight, minAslHeight) VALUES ('Mniów', 279, null);
INSERT INTO Mountain_Points (name, maxAslHeight, minAslHeight) VALUES ('Grodowa', 395, null);
INSERT INTO Mountain_Points (name, maxAslHeight, minAslHeight) VALUES ('Tumlin', 322, null);
INSERT INTO Mountain_Points (name, maxAslHeight, minAslHeight) VALUES ('Kamień Miedzianogórski', 399, null);
INSERT INTO Mountain_Points (name, maxAslHeight, minAslHeight) VALUES ('Miedziana Góra', 280, null);
INSERT INTO Mountain_Points (name, maxAslHeight, minAslHeight) VALUES ('Sosnowica', 416, null);
INSERT INTO Mountain_Points (name, maxAslHeight, minAslHeight) VALUES ('Piaski', 308, null);
INSERT INTO Mountain_Points (name, maxAslHeight, minAslHeight) VALUES ('Dąbrowa-Łąki', 322, null);
INSERT INTO Mountain_Points (name, maxAslHeight, minAslHeight) VALUES ('Zagnańsk', 331, null);
INSERT INTO Mountain_Points (name, maxAslHeight, minAslHeight) VALUES ('Barcza', 465, null);
INSERT INTO Mountain_Points (name, maxAslHeight, minAslHeight) VALUES ('Brzezinki', 344, null);
INSERT INTO Mountain_Points (name, maxAslHeight, minAslHeight) VALUES ('Bukowa Góra', 484, null);
INSERT INTO Mountain_Points (name, maxAslHeight, minAslHeight) VALUES ('Łączna', 331, null);
INSERT INTO Mountain_Points (name, maxAslHeight, minAslHeight) VALUES ('Bodzentyn', 287, null);
INSERT INTO Mountain_Points (name, maxAslHeight, minAslHeight) VALUES ('Kamień Michniowski', 435, null);
INSERT INTO Mountain_Points (name, maxAslHeight, minAslHeight) VALUES ('Święta Barbara', 386, null);
INSERT INTO Mountain_Points (name, maxAslHeight, minAslHeight) VALUES ('Michniów', 307, null);
INSERT INTO Mountain_Points (name, maxAslHeight, minAslHeight) VALUES ('Wierzejska', 376, null);
INSERT INTO Mountain_Points (name, maxAslHeight, minAslHeight) VALUES ('Szydłówek', 244, null);
INSERT INTO Mountain_Points (name, maxAslHeight, minAslHeight) VALUES ('Dąbrowa', 320, null);
INSERT INTO Mountain_Points (name, maxAslHeight, minAslHeight) VALUES ('Domaniówka', 418, null);
INSERT INTO Mountain_Points (name, maxAslHeight, minAslHeight) VALUES ('Klonówka', 473, null);
INSERT INTO Mountain_Points (name, maxAslHeight, minAslHeight) VALUES ('Masłów', 327, null);
INSERT INTO Mountain_Points (name, maxAslHeight, minAslHeight) VALUES ('Mąchocice', 299, null);
INSERT INTO Mountain_Points (name, maxAslHeight, minAslHeight) VALUES ('Przełom Lubrzanki', 285, null);
INSERT INTO Mountain_Points (name, maxAslHeight, minAslHeight) VALUES ('Radostowa', 451, null);
INSERT INTO Mountain_Points (name, maxAslHeight, minAslHeight) VALUES ('Wymyślona', 415, null);
INSERT INTO Mountain_Points (name, maxAslHeight, minAslHeight) VALUES ('Święta Katarzyna', 396, null);
INSERT INTO Mountain_Points (name, maxAslHeight, minAslHeight) VALUES ('Strużna', 367, null);
INSERT INTO Mountain_Points (name, maxAslHeight, minAslHeight) VALUES ('Krajno Drugie', 234, null);
INSERT INTO Mountain_Points (name, maxAslHeight, minAslHeight) VALUES ('Ciekoty', 282, null);
INSERT INTO Mountain_Points (name, maxAslHeight, minAslHeight) VALUES ('Miejska Góra', 426, null);
INSERT INTO Mountain_Points (name, maxAslHeight, minAslHeight) VALUES ('Łysica', 612, null);
INSERT INTO Mountain_Points (name, maxAslHeight, minAslHeight) VALUES ('Kapliczka Świętego Mikolaja', 535, null);
--GORYSW5
INSERT INTO Mountain_Points (name, maxAslHeight, minAslHeight) VALUES ('Wola Szczygiełkowa', 310, null);
INSERT INTO Mountain_Points (name, maxAslHeight, minAslHeight) VALUES ('Sieradowska Góra', 390, null);
INSERT INTO Mountain_Points (name, maxAslHeight, minAslHeight) VALUES ('Siekierno', 270, null);
INSERT INTO Mountain_Points (name, maxAslHeight, minAslHeight) VALUES ('Wykus', 326, null);
INSERT INTO Mountain_Points (name, maxAslHeight, minAslHeight) VALUES ('Wąchock', 213, null);
INSERT INTO Mountain_Points (name, maxAslHeight, minAslHeight) VALUES ('Starachowice', 210, null);
INSERT INTO Mountain_Points (name, maxAslHeight, minAslHeight) VALUES ('Bieliny', 306, null);
INSERT INTO Mountain_Points (name, maxAslHeight, minAslHeight) VALUES ('Łysiec', 595, null);
INSERT INTO Mountain_Points (name, maxAslHeight, minAslHeight) VALUES ('Przełęcz Hucka', 495, null);
INSERT INTO Mountain_Points (name, maxAslHeight, minAslHeight) VALUES ('Nowa Słupia', 287, null);
INSERT INTO Mountain_Points (name, maxAslHeight, minAslHeight) VALUES ('Trzcianka', 365, null);
INSERT INTO Mountain_Points (name, maxAslHeight, minAslHeight) VALUES ('Kobyla Góra', 391, null);
INSERT INTO Mountain_Points (name, maxAslHeight, minAslHeight) VALUES ('Paprocice', 324, null);
INSERT INTO Mountain_Points (name, maxAslHeight, minAslHeight) VALUES ('Wał Małacentowski', 397, null);
INSERT INTO Mountain_Points (name, maxAslHeight, minAslHeight) VALUES ('Łagów', 287, null);
INSERT INTO Mountain_Points (name, maxAslHeight, minAslHeight) VALUES ('Chełmowa', 351, null);
INSERT INTO Mountain_Points (name, maxAslHeight, minAslHeight) VALUES ('Rudki', 240, null);
INSERT INTO Mountain_Points (name, maxAslHeight, minAslHeight) VALUES ('Dobruchna', 230, null);
INSERT INTO Mountain_Points (name, maxAslHeight, minAslHeight) VALUES ('Wałsnów', 291, null);
INSERT INTO Mountain_Points (name, maxAslHeight, minAslHeight) VALUES ('Pasmo Bostowskie', 351, null);
INSERT INTO Mountain_Points (name, maxAslHeight, minAslHeight) VALUES ('Szczytniak', 554, null);
INSERT INTO Mountain_Points (name, maxAslHeight, minAslHeight) VALUES ('Mirogonowice', 338, null);
INSERT INTO Mountain_Points (name, maxAslHeight, minAslHeight) VALUES ('Przełęcz Kurczmarka', 406, null);
INSERT INTO Mountain_Points (name, maxAslHeight, minAslHeight) VALUES ('Janowice', 350, null);
INSERT INTO Mountain_Points (name, maxAslHeight, minAslHeight) VALUES ('Gołoszyce', 331, null);
INSERT INTO Mountain_Points (name, maxAslHeight, minAslHeight) VALUES ('Baćkowice', 350, null);
INSERT INTO Mountain_Points (name, maxAslHeight, minAslHeight) VALUES ('Łazy w Paśmie Iwaniskim', 330, null);
INSERT INTO Mountain_Points (name, maxAslHeight, minAslHeight) VALUES ('Iwaniska', 320, null);
INSERT INTO Mountain_Points (name, maxAslHeight, minAslHeight) VALUES ('Wysokówka', 412 , null);
INSERT INTO Mountain_Points (name, maxAslHeight, minAslHeight) VALUES ('Widełki', 294, null);
INSERT INTO Mountain_Points (name, maxAslHeight, minAslHeight) VALUES ('Napęków', 240, null);
INSERT INTO Mountain_Points (name, maxAslHeight, minAslHeight) VALUES ('Makoszyn', 370, 280);
INSERT INTO Mountain_Points (name, maxAslHeight, minAslHeight) VALUES ('Słowiec', 438, null);
INSERT INTO Mountain_Points (name, maxAslHeight, minAslHeight) VALUES ('Orłowiny', 330, null);
INSERT INTO Mountain_Points (name, maxAslHeight, minAslHeight) VALUES ('Wał', 365, null);
INSERT INTO Mountain_Points (name, maxAslHeight, minAslHeight) VALUES ('Lechów', 330, null);
INSERT INTO Mountain_Points (name, maxAslHeight, minAslHeight) VALUES ('Zamczysko', 442, null);
INSERT INTO Mountain_Points (name, maxAslHeight, minAslHeight) VALUES ('Wojteczki', 360, null);
INSERT INTO Mountain_Points (name, maxAslHeight, minAslHeight) VALUES ('Ociesęki', 327, null);
INSERT INTO Mountain_Points (name, maxAslHeight, minAslHeight) VALUES ('Igrzyczna', 358, null);
INSERT INTO Mountain_Points (name, maxAslHeight, minAslHeight) VALUES ('Jaźwina', 361, null);
INSERT INTO Mountain_Points (name, maxAslHeight, minAslHeight) VALUES ('Wólka Pokłonna', 261, null);
INSERT INTO Mountain_Points (name, maxAslHeight, minAslHeight) VALUES ('Kiełków', 452, null);
INSERT INTO Mountain_Points (name, maxAslHeight, minAslHeight) VALUES ('Sędek-Szabach', 419, null);
INSERT INTO Mountain_Points (name, maxAslHeight, minAslHeight) VALUES ('Sadków', 402, null);
INSERT INTO Mountain_Points (name, maxAslHeight, minAslHeight) VALUES ('Bardo', 320, 260);
INSERT INTO Mountain_Points (name, maxAslHeight, minAslHeight) VALUES ('Dziewiącielska Góra', 385, null);
INSERT INTO Mountain_Points (name, maxAslHeight, minAslHeight) VALUES ('Wygiełzów', 269, null);
INSERT INTO Mountain_Points (name, maxAslHeight, minAslHeight) VALUES ('Szumsko', 272, null);
INSERT INTO Mountain_Points (name, maxAslHeight, minAslHeight) VALUES ('Zbelutka', 262, null);

--GSW1
INSERT INTO Mountain_Points_Mountain_Ranges (mountain_points_name, mountain_ranges_name) VALUES ('Guzdek', 'Góry Świętokrzyskie - 1');
INSERT INTO Mountain_Points_Mountain_Ranges (mountain_points_name, mountain_ranges_name) VALUES ('Gałki', 'Góry Świętokrzyskie - 1');
INSERT INTO Mountain_Points_Mountain_Ranges (mountain_points_name, mountain_ranges_name) VALUES ('Przysucha', 'Góry Świętokrzyskie - 1');
INSERT INTO Mountain_Points_Mountain_Ranges (mountain_points_name, mountain_ranges_name) VALUES ('Ruski Bród', 'Góry Świętokrzyskie - 1');
INSERT INTO Mountain_Points_Mountain_Ranges (mountain_points_name, mountain_ranges_name) VALUES ('Sowia Góra', 'Góry Świętokrzyskie - 1');
INSERT INTO Mountain_Points_Mountain_Ranges (mountain_points_name, mountain_ranges_name) VALUES ('Skłoby', 'Góry Świętokrzyskie - 1');
INSERT INTO Mountain_Points_Mountain_Ranges (mountain_points_name, mountain_ranges_name) VALUES ('Skłobska Góra', 'Góry Świętokrzyskie - 1');
INSERT INTO Mountain_Points_Mountain_Ranges (mountain_points_name, mountain_ranges_name) VALUES ('Stefanków', 'Góry Świętokrzyskie - 1');
INSERT INTO Mountain_Points_Mountain_Ranges (mountain_points_name, mountain_ranges_name) VALUES ('Chlewiska', 'Góry Świętokrzyskie - 1');
INSERT INTO Mountain_Points_Mountain_Ranges (mountain_points_name, mountain_ranges_name) VALUES ('Huta', 'Góry Świętokrzyskie - 1');
INSERT INTO Mountain_Points_Mountain_Ranges (mountain_points_name, mountain_ranges_name) VALUES ('Piekło Nakłańskie', 'Góry Świętokrzyskie - 1');
INSERT INTO Mountain_Points_Mountain_Ranges (mountain_points_name, mountain_ranges_name) VALUES ('Niekłań', 'Góry Świętokrzyskie - 1');
INSERT INTO Mountain_Points_Mountain_Ranges (mountain_points_name, mountain_ranges_name) VALUES ('Altana', 'Góry Świętokrzyskie - 1');
INSERT INTO Mountain_Points_Mountain_Ranges (mountain_points_name, mountain_ranges_name) VALUES ('Stara Kuźnica', 'Góry Świętokrzyskie - 1');
INSERT INTO Mountain_Points_Mountain_Ranges (mountain_points_name, mountain_ranges_name) VALUES ('Końskie', 'Góry Świętokrzyskie - 1');
INSERT INTO Mountain_Points_Mountain_Ranges (mountain_points_name, mountain_ranges_name) VALUES ('Aleksandrowo', 'Góry Świętokrzyskie - 1');
INSERT INTO Mountain_Points_Mountain_Ranges (mountain_points_name, mountain_ranges_name) VALUES ('Pogorzałe', 'Góry Świętokrzyskie - 1');
INSERT INTO Mountain_Points_Mountain_Ranges (mountain_points_name, mountain_ranges_name) VALUES ('Mroczków', 'Góry Świętokrzyskie - 1');
INSERT INTO Mountain_Points_Mountain_Ranges (mountain_points_name, mountain_ranges_name) VALUES ('Szydłowiec', 'Góry Świętokrzyskie - 1');
INSERT INTO Mountain_Points_Mountain_Ranges (mountain_points_name, mountain_ranges_name) VALUES ('Bliżyn', 'Góry Świętokrzyskie - 1');
INSERT INTO Mountain_Points_Mountain_Ranges (mountain_points_name, mountain_ranges_name) VALUES ('Świnia Góra', 'Góry Świętokrzyskie - 1');
INSERT INTO Mountain_Points_Mountain_Ranges (mountain_points_name, mountain_ranges_name) VALUES ('Rejów', 'Góry Świętokrzyskie - 1');
INSERT INTO Mountain_Points_Mountain_Ranges (mountain_points_name, mountain_ranges_name) VALUES ('Suchedniów', 'Góry Świętokrzyskie - 1');
INSERT INTO Mountain_Points_Mountain_Ranges (mountain_points_name, mountain_ranges_name) VALUES ('Bartków', 'Góry Świętokrzyskie - 1');
INSERT INTO Mountain_Points_Mountain_Ranges (mountain_points_name, mountain_ranges_name) VALUES ('Bartków', 'Góry Świętokrzyskie - 4');
INSERT INTO Mountain_Points_Mountain_Ranges (mountain_points_name, mountain_ranges_name) VALUES ('Diabla Góra', 'Góry Świętokrzyskie - 1');
INSERT INTO Mountain_Points_Mountain_Ranges (mountain_points_name, mountain_ranges_name) VALUES ('Sielecka Góra', 'Góry Świętokrzyskie - 1');
INSERT INTO Mountain_Points_Mountain_Ranges (mountain_points_name, mountain_ranges_name) VALUES ('Skórkowice', 'Góry Świętokrzyskie - 1');
INSERT INTO Mountain_Points_Mountain_Ranges (mountain_points_name, mountain_ranges_name) VALUES ('Maleniec', 'Góry Świętokrzyskie - 1');
INSERT INTO Mountain_Points_Mountain_Ranges (mountain_points_name, mountain_ranges_name) VALUES ('Żarnów', 'Góry Świętokrzyskie - 1');
--GSW2
INSERT INTO Mountain_Points_Mountain_Ranges (mountain_points_name, mountain_ranges_name) VALUES ('Fajna Ryba', 'Góry Świętokrzyskie - 2');
INSERT INTO Mountain_Points_Mountain_Ranges (mountain_points_name, mountain_ranges_name) VALUES ('Przedbórz', 'Góry Świętokrzyskie - 2');
INSERT INTO Mountain_Points_Mountain_Ranges (mountain_points_name, mountain_ranges_name) VALUES ('Mokre Góry', 'Góry Świętokrzyskie - 2');
INSERT INTO Mountain_Points_Mountain_Ranges (mountain_points_name, mountain_ranges_name) VALUES ('Buczyna', 'Góry Świętokrzyskie - 2');
INSERT INTO Mountain_Points_Mountain_Ranges (mountain_points_name, mountain_ranges_name) VALUES ('Rączki', 'Góry Świętokrzyskie - 2');
INSERT INTO Mountain_Points_Mountain_Ranges (mountain_points_name, mountain_ranges_name) VALUES ('Dobromierz', 'Góry Świętokrzyskie - 2');
INSERT INTO Mountain_Points_Mountain_Ranges (mountain_points_name, mountain_ranges_name) VALUES ('Kozłowa', 'Góry Świętokrzyskie - 2');
INSERT INTO Mountain_Points_Mountain_Ranges (mountain_points_name, mountain_ranges_name) VALUES ('Żeleźnica', 'Góry Świętokrzyskie - 2');
INSERT INTO Mountain_Points_Mountain_Ranges (mountain_points_name, mountain_ranges_name) VALUES ('Świdzyńska', 'Góry Świętokrzyskie - 2');
INSERT INTO Mountain_Points_Mountain_Ranges (mountain_points_name, mountain_ranges_name) VALUES ('Krosocin', 'Góry Świętokrzyskie - 2');
INSERT INTO Mountain_Points_Mountain_Ranges (mountain_points_name, mountain_ranges_name) VALUES ('Święty Michał', 'Góry Świętokrzyskie - 2');
INSERT INTO Mountain_Points_Mountain_Ranges (mountain_points_name, mountain_ranges_name) VALUES ('Ludynia', 'Góry Świętokrzyskie - 2');
--GSW3
INSERT INTO Mountain_Points_Mountain_Ranges (mountain_points_name, mountain_ranges_name) VALUES ('Góra Dobrzeszowska', 'Góry Świętokrzyskie - 3');
INSERT INTO Mountain_Points_Mountain_Ranges (mountain_points_name, mountain_ranges_name) VALUES ('Jóźwików', 'Góry Świętokrzyskie - 3');
INSERT INTO Mountain_Points_Mountain_Ranges (mountain_points_name, mountain_ranges_name) VALUES ('Kuźniaki', 'Góry Świętokrzyskie - 3');
INSERT INTO Mountain_Points_Mountain_Ranges (mountain_points_name, mountain_ranges_name) VALUES ('Sielpia Wielka', 'Góry Świętokrzyskie - 3');
INSERT INTO Mountain_Points_Mountain_Ranges (mountain_points_name, mountain_ranges_name) VALUES ('Siniewska Góra', 'Góry Świętokrzyskie - 3');
INSERT INTO Mountain_Points_Mountain_Ranges (mountain_points_name, mountain_ranges_name) VALUES ('Strawczyn', 'Góry Świętokrzyskie - 3');
INSERT INTO Mountain_Points_Mountain_Ranges (mountain_points_name, mountain_ranges_name) VALUES ('Barania Góra', 'Góry Świętokrzyskie - 3');
INSERT INTO Mountain_Points_Mountain_Ranges (mountain_points_name, mountain_ranges_name) VALUES ('Oblęgorek', 'Góry Świętokrzyskie - 3');
INSERT INTO Mountain_Points_Mountain_Ranges (mountain_points_name, mountain_ranges_name) VALUES ('Porzecze', 'Góry Świętokrzyskie - 3');
INSERT INTO Mountain_Points_Mountain_Ranges (mountain_points_name, mountain_ranges_name) VALUES ('Bobrza', 'Góry Świętokrzyskie - 3');
INSERT INTO Mountain_Points_Mountain_Ranges (mountain_points_name, mountain_ranges_name) VALUES ('Małogoszcz', 'Góry Świętokrzyskie - 3');
INSERT INTO Mountain_Points_Mountain_Ranges (mountain_points_name, mountain_ranges_name) VALUES ('Cieśle', 'Góry Świętokrzyskie - 3');
INSERT INTO Mountain_Points_Mountain_Ranges (mountain_points_name, mountain_ranges_name) VALUES ('Brodowica', 'Góry Świętokrzyskie - 3');
INSERT INTO Mountain_Points_Mountain_Ranges (mountain_points_name, mountain_ranges_name) VALUES ('Bocheniec', 'Góry Świętokrzyskie - 3');
INSERT INTO Mountain_Points_Mountain_Ranges (mountain_points_name, mountain_ranges_name) VALUES ('Pola Gorgolowskie', 'Góry Świętokrzyskie - 3');
INSERT INTO Mountain_Points_Mountain_Ranges (mountain_points_name, mountain_ranges_name) VALUES ('Bocheniecka Czuhatka', 'Góry Świętokrzyskie - 3');
INSERT INTO Mountain_Points_Mountain_Ranges (mountain_points_name, mountain_ranges_name) VALUES ('Bolmin', 'Góry Świętokrzyskie - 3');
INSERT INTO Mountain_Points_Mountain_Ranges (mountain_points_name, mountain_ranges_name) VALUES ('Milechowska', 'Góry Świętokrzyskie - 3');
INSERT INTO Mountain_Points_Mountain_Ranges (mountain_points_name, mountain_ranges_name) VALUES ('Miedzianka', 'Góry Świętokrzyskie - 3');
INSERT INTO Mountain_Points_Mountain_Ranges (mountain_points_name, mountain_ranges_name) VALUES ('Wierna Rzeka', 'Góry Świętokrzyskie - 3');
INSERT INTO Mountain_Points_Mountain_Ranges (mountain_points_name, mountain_ranges_name) VALUES ('Grzyby Bolmińskie', 'Góry Świętokrzyskie - 3');
INSERT INTO Mountain_Points_Mountain_Ranges (mountain_points_name, mountain_ranges_name) VALUES ('Jedlica', 'Góry Świętokrzyskie - 3');
INSERT INTO Mountain_Points_Mountain_Ranges (mountain_points_name, mountain_ranges_name) VALUES ('Wilkomija', 'Góry Świętokrzyskie - 3');
INSERT INTO Mountain_Points_Mountain_Ranges (mountain_points_name, mountain_ranges_name) VALUES ('Brzegi', 'Góry Świętokrzyskie - 3');
INSERT INTO Mountain_Points_Mountain_Ranges (mountain_points_name, mountain_ranges_name) VALUES ('Mosty', 'Góry Świętokrzyskie - 3');
INSERT INTO Mountain_Points_Mountain_Ranges (mountain_points_name, mountain_ranges_name) VALUES ('Grzywy Korzeckowskie', 'Góry Świętokrzyskie - 3');
INSERT INTO Mountain_Points_Mountain_Ranges (mountain_points_name, mountain_ranges_name) VALUES ('Rzepka', 'Góry Świętokrzyskie - 3');
INSERT INTO Mountain_Points_Mountain_Ranges (mountain_points_name, mountain_ranges_name) VALUES ('Zamek w Chęcinach', 'Góry Świętokrzyskie - 3');
INSERT INTO Mountain_Points_Mountain_Ranges (mountain_points_name, mountain_ranges_name) VALUES ('Chęciny', 'Góry Świętokrzyskie - 3');
INSERT INTO Mountain_Points_Mountain_Ranges (mountain_points_name, mountain_ranges_name) VALUES ('Sosnówka', 'Góry Świętokrzyskie - 3');
INSERT INTO Mountain_Points_Mountain_Ranges (mountain_points_name, mountain_ranges_name) VALUES ('Rykoszyn', 'Góry Świętokrzyskie - 3');
INSERT INTO Mountain_Points_Mountain_Ranges (mountain_points_name, mountain_ranges_name) VALUES ('Bukowa', 'Góry Świętokrzyskie - 3');
INSERT INTO Mountain_Points_Mountain_Ranges (mountain_points_name, mountain_ranges_name) VALUES ('Grzbiet Gałęzicki', 'Góry Świętokrzyskie - 3');
INSERT INTO Mountain_Points_Mountain_Ranges (mountain_points_name, mountain_ranges_name) VALUES ('Jaskinia Piekło Skibskie', 'Góry Świętokrzyskie - 3');
INSERT INTO Mountain_Points_Mountain_Ranges (mountain_points_name, mountain_ranges_name) VALUES ('Szewce', 'Góry Świętokrzyskie - 3');
INSERT INTO Mountain_Points_Mountain_Ranges (mountain_points_name, mountain_ranges_name) VALUES ('Plebańska', 'Góry Świętokrzyskie - 3');
INSERT INTO Mountain_Points_Mountain_Ranges (mountain_points_name, mountain_ranges_name) VALUES ('Piekaszowa', 'Góry Świętokrzyskie - 3');
INSERT INTO Mountain_Points_Mountain_Ranges (mountain_points_name, mountain_ranges_name) VALUES ('Jaworznia', 'Góry Świętokrzyskie - 3');
INSERT INTO Mountain_Points_Mountain_Ranges (mountain_points_name, mountain_ranges_name) VALUES ('Przełęcz pod Belnią', 'Góry Świętokrzyskie - 3');
INSERT INTO Mountain_Points_Mountain_Ranges (mountain_points_name, mountain_ranges_name) VALUES ('Przełęcz pod Belnią', 'Góry Świętokrzyskie - 4');
INSERT INTO Mountain_Points_Mountain_Ranges (mountain_points_name, mountain_ranges_name) VALUES ('Jaskinia Raj', 'Góry Świętokrzyskie - 3');
INSERT INTO Mountain_Points_Mountain_Ranges (mountain_points_name, mountain_ranges_name) VALUES ('Jaskinia Raj', 'Góry Świętokrzyskie - 4');
INSERT INTO Mountain_Points_Mountain_Ranges (mountain_points_name, mountain_ranges_name) VALUES ('Patrol', 'Góry Świętokrzyskie - 3');
INSERT INTO Mountain_Points_Mountain_Ranges (mountain_points_name, mountain_ranges_name) VALUES ('Białogon', 'Góry Świętokrzyskie - 3');
INSERT INTO Mountain_Points_Mountain_Ranges (mountain_points_name, mountain_ranges_name) VALUES ('Białogon', 'Góry Świętokrzyskie - 4');
INSERT INTO Mountain_Points_Mountain_Ranges (mountain_points_name, mountain_ranges_name) VALUES ('Słowik', 'Góry Świętokrzyskie - 3');
INSERT INTO Mountain_Points_Mountain_Ranges (mountain_points_name, mountain_ranges_name) VALUES ('Słowik', 'Góry Świętokrzyskie - 4');
--GSW4
INSERT INTO Mountain_Points_Mountain_Ranges (mountain_points_name, mountain_ranges_name) VALUES ('Szczukowskie Górki', 'Góry Świętokrzyskie - 4');
INSERT INTO Mountain_Points_Mountain_Ranges (mountain_points_name, mountain_ranges_name) VALUES ('Karczówka', 'Góry Świętokrzyskie - 4');
INSERT INTO Mountain_Points_Mountain_Ranges (mountain_points_name, mountain_ranges_name) VALUES ('Dalnia', 'Góry Świętokrzyskie - 4');
INSERT INTO Mountain_Points_Mountain_Ranges (mountain_points_name, mountain_ranges_name) VALUES ('Brusznia', 'Góry Świętokrzyskie - 4');
INSERT INTO Mountain_Points_Mountain_Ranges (mountain_points_name, mountain_ranges_name) VALUES ('Czarnowo', 'Góry Świętokrzyskie - 4');
INSERT INTO Mountain_Points_Mountain_Ranges (mountain_points_name, mountain_ranges_name) VALUES ('Biesak', 'Góry Świętokrzyskie - 4');
INSERT INTO Mountain_Points_Mountain_Ranges (mountain_points_name, mountain_ranges_name) VALUES ('Przełęcz pod Obrazikiem', 'Góry Świętokrzyskie - 4');
INSERT INTO Mountain_Points_Mountain_Ranges (mountain_points_name, mountain_ranges_name) VALUES ('Posłowice', 'Góry Świętokrzyskie - 4');
INSERT INTO Mountain_Points_Mountain_Ranges (mountain_points_name, mountain_ranges_name) VALUES ('Bugalanka', 'Góry Świętokrzyskie - 4');
INSERT INTO Mountain_Points_Mountain_Ranges (mountain_points_name, mountain_ranges_name) VALUES ('Pierścienica', 'Góry Świętokrzyskie - 4');
INSERT INTO Mountain_Points_Mountain_Ranges (mountain_points_name, mountain_ranges_name) VALUES ('Wielka', 'Góry Świętokrzyskie - 4');
INSERT INTO Mountain_Points_Mountain_Ranges (mountain_points_name, mountain_ranges_name) VALUES ('Stadion Kielce', 'Góry Świętokrzyskie - 4');
INSERT INTO Mountain_Points_Mountain_Ranges (mountain_points_name, mountain_ranges_name) VALUES ('Kaweczyzna', 'Góry Świętokrzyskie - 4');
INSERT INTO Mountain_Points_Mountain_Ranges (mountain_points_name, mountain_ranges_name) VALUES ('Dyminy', 'Góry Świętokrzyskie - 4');
INSERT INTO Mountain_Points_Mountain_Ranges (mountain_points_name, mountain_ranges_name) VALUES ('Telegraf', 'Góry Świętokrzyskie - 4');
INSERT INTO Mountain_Points_Mountain_Ranges (mountain_points_name, mountain_ranges_name) VALUES ('Wietrzna', 'Góry Świętokrzyskie - 4');
INSERT INTO Mountain_Points_Mountain_Ranges (mountain_points_name, mountain_ranges_name) VALUES ('Bukówka', 'Góry Świętokrzyskie - 4');
INSERT INTO Mountain_Points_Mountain_Ranges (mountain_points_name, mountain_ranges_name) VALUES ('Babia Góra', 'Góry Świętokrzyskie - 4');
INSERT INTO Mountain_Points_Mountain_Ranges (mountain_points_name, mountain_ranges_name) VALUES ('Blicza', 'Góry Świętokrzyskie - 4');
INSERT INTO Mountain_Points_Mountain_Ranges (mountain_points_name, mountain_ranges_name) VALUES ('Suków', 'Góry Świętokrzyskie - 4');
INSERT INTO Mountain_Points_Mountain_Ranges (mountain_points_name, mountain_ranges_name) VALUES ('Sitkówka Nowiny', 'Góry Świętokrzyskie - 4');
INSERT INTO Mountain_Points_Mountain_Ranges (mountain_points_name, mountain_ranges_name) VALUES ('Zalesna', 'Góry Świętokrzyskie - 4');
INSERT INTO Mountain_Points_Mountain_Ranges (mountain_points_name, mountain_ranges_name) VALUES ('Zagórze', 'Góry Świętokrzyskie - 4');
INSERT INTO Mountain_Points_Mountain_Ranges (mountain_points_name, mountain_ranges_name) VALUES ('Otrocz', 'Góry Świętokrzyskie - 4');
INSERT INTO Mountain_Points_Mountain_Ranges (mountain_points_name, mountain_ranges_name) VALUES ('Cedzyna', 'Góry Świętokrzyskie - 4');
INSERT INTO Mountain_Points_Mountain_Ranges (mountain_points_name, mountain_ranges_name) VALUES ('Niestachów', 'Góry Świętokrzyskie - 4');
INSERT INTO Mountain_Points_Mountain_Ranges (mountain_points_name, mountain_ranges_name) VALUES ('Radlin', 'Góry Świętokrzyskie - 4');
INSERT INTO Mountain_Points_Mountain_Ranges (mountain_points_name, mountain_ranges_name) VALUES ('Sikorza', 'Góry Świętokrzyskie - 4');
INSERT INTO Mountain_Points_Mountain_Ranges (mountain_points_name, mountain_ranges_name) VALUES ('Jabłonna', 'Góry Świętokrzyskie - 4');
INSERT INTO Mountain_Points_Mountain_Ranges (mountain_points_name, mountain_ranges_name) VALUES ('Świnia', 'Góry Świętokrzyskie - 4');
INSERT INTO Mountain_Points_Mountain_Ranges (mountain_points_name, mountain_ranges_name) VALUES ('Świnia', 'Góry Świętokrzyskie - 5');
INSERT INTO Mountain_Points_Mountain_Ranges (mountain_points_name, mountain_ranges_name) VALUES ('Papiernia', 'Góry Świętokrzyskie - 4');
INSERT INTO Mountain_Points_Mountain_Ranges (mountain_points_name, mountain_ranges_name) VALUES ('Borków', 'Góry Świętokrzyskie - 4');
INSERT INTO Mountain_Points_Mountain_Ranges (mountain_points_name, mountain_ranges_name) VALUES ('Słopiec', 'Góry Świętokrzyskie - 4');
INSERT INTO Mountain_Points_Mountain_Ranges (mountain_points_name, mountain_ranges_name) VALUES ('Daleszyce', 'Góry Świętokrzyskie - 4');
INSERT INTO Mountain_Points_Mountain_Ranges (mountain_points_name, mountain_ranges_name) VALUES ('Kamień', 'Góry Świętokrzyskie - 4');
INSERT INTO Mountain_Points_Mountain_Ranges (mountain_points_name, mountain_ranges_name) VALUES ('Huta Szklana', 'Góry Świętokrzyskie - 4');
INSERT INTO Mountain_Points_Mountain_Ranges (mountain_points_name, mountain_ranges_name) VALUES ('Huta Szklana', 'Góry Świętokrzyskie - 5');
INSERT INTO Mountain_Points_Mountain_Ranges (mountain_points_name, mountain_ranges_name) VALUES ('Września', 'Góry Świętokrzyskie - 4');
INSERT INTO Mountain_Points_Mountain_Ranges (mountain_points_name, mountain_ranges_name) VALUES ('Hucisko', 'Góry Świętokrzyskie - 4');
INSERT INTO Mountain_Points_Mountain_Ranges (mountain_points_name, mountain_ranges_name) VALUES ('Stołowa', 'Góry Świętokrzyskie - 4');
INSERT INTO Mountain_Points_Mountain_Ranges (mountain_points_name, mountain_ranges_name) VALUES ('Cisów', 'Góry Świętokrzyskie - 4');
INSERT INTO Mountain_Points_Mountain_Ranges (mountain_points_name, mountain_ranges_name) VALUES ('Włochy', 'Góry Świętokrzyskie - 4');
INSERT INTO Mountain_Points_Mountain_Ranges (mountain_points_name, mountain_ranges_name) VALUES ('Wzgórza Kołomańskie', 'Góry Świętokrzyskie - 4');
INSERT INTO Mountain_Points_Mountain_Ranges (mountain_points_name, mountain_ranges_name) VALUES ('Samsonów', 'Góry Świętokrzyskie - 4');
INSERT INTO Mountain_Points_Mountain_Ranges (mountain_points_name, mountain_ranges_name) VALUES ('Mniów', 'Góry Świętokrzyskie - 4');
INSERT INTO Mountain_Points_Mountain_Ranges (mountain_points_name, mountain_ranges_name) VALUES ('Mniów', 'Góry Świętokrzyskie - 3');
INSERT INTO Mountain_Points_Mountain_Ranges (mountain_points_name, mountain_ranges_name) VALUES ('Grodowa', 'Góry Świętokrzyskie - 4');
INSERT INTO Mountain_Points_Mountain_Ranges (mountain_points_name, mountain_ranges_name) VALUES ('Tumlin', 'Góry Świętokrzyskie - 4');
INSERT INTO Mountain_Points_Mountain_Ranges (mountain_points_name, mountain_ranges_name) VALUES ('Kamień Miedzianogórski', 'Góry Świętokrzyskie - 4');
INSERT INTO Mountain_Points_Mountain_Ranges (mountain_points_name, mountain_ranges_name) VALUES ('Porzecze', 'Góry Świętokrzyskie - 4');
INSERT INTO Mountain_Points_Mountain_Ranges (mountain_points_name, mountain_ranges_name) VALUES ('Miedziana Góra', 'Góry Świętokrzyskie - 4');
INSERT INTO Mountain_Points_Mountain_Ranges (mountain_points_name, mountain_ranges_name) VALUES ('Sosnowica', 'Góry Świętokrzyskie - 4');
INSERT INTO Mountain_Points_Mountain_Ranges (mountain_points_name, mountain_ranges_name) VALUES ('Piaski', 'Góry Świętokrzyskie - 4');
INSERT INTO Mountain_Points_Mountain_Ranges (mountain_points_name, mountain_ranges_name) VALUES ('Dąbrowa-Łąki', 'Góry Świętokrzyskie - 4');
INSERT INTO Mountain_Points_Mountain_Ranges (mountain_points_name, mountain_ranges_name) VALUES ('Zagnańsk', 'Góry Świętokrzyskie - 4');
INSERT INTO Mountain_Points_Mountain_Ranges (mountain_points_name, mountain_ranges_name) VALUES ('Barcza', 'Góry Świętokrzyskie - 4');
INSERT INTO Mountain_Points_Mountain_Ranges (mountain_points_name, mountain_ranges_name) VALUES ('Brzezinki', 'Góry Świętokrzyskie - 4');
INSERT INTO Mountain_Points_Mountain_Ranges (mountain_points_name, mountain_ranges_name) VALUES ('Bukowa Góra', 'Góry Świętokrzyskie - 4');
INSERT INTO Mountain_Points_Mountain_Ranges (mountain_points_name, mountain_ranges_name) VALUES ('Łączna', 'Góry Świętokrzyskie - 4');
INSERT INTO Mountain_Points_Mountain_Ranges (mountain_points_name, mountain_ranges_name) VALUES ('Bodzentyn', 'Góry Świętokrzyskie - 4');
INSERT INTO Mountain_Points_Mountain_Ranges (mountain_points_name, mountain_ranges_name) VALUES ('Bodzentyn', 'Góry Świętokrzyskie - 5');
INSERT INTO Mountain_Points_Mountain_Ranges (mountain_points_name, mountain_ranges_name) VALUES ('Kamień Michniowski', 'Góry Świętokrzyskie - 4');
INSERT INTO Mountain_Points_Mountain_Ranges (mountain_points_name, mountain_ranges_name) VALUES ('Święta Barbara', 'Góry Świętokrzyskie - 4');
INSERT INTO Mountain_Points_Mountain_Ranges (mountain_points_name, mountain_ranges_name) VALUES ('Michniów', 'Góry Świętokrzyskie - 4');
INSERT INTO Mountain_Points_Mountain_Ranges (mountain_points_name, mountain_ranges_name) VALUES ('Wierzejska', 'Góry Świętokrzyskie - 4');
INSERT INTO Mountain_Points_Mountain_Ranges (mountain_points_name, mountain_ranges_name) VALUES ('Szydłówek', 'Góry Świętokrzyskie - 4');
INSERT INTO Mountain_Points_Mountain_Ranges (mountain_points_name, mountain_ranges_name) VALUES ('Dąbrowa', 'Góry Świętokrzyskie - 4');
INSERT INTO Mountain_Points_Mountain_Ranges (mountain_points_name, mountain_ranges_name) VALUES ('Domaniówka', 'Góry Świętokrzyskie - 4');
INSERT INTO Mountain_Points_Mountain_Ranges (mountain_points_name, mountain_ranges_name) VALUES ('Klonówka', 'Góry Świętokrzyskie - 4');
INSERT INTO Mountain_Points_Mountain_Ranges (mountain_points_name, mountain_ranges_name) VALUES ('Masłów', 'Góry Świętokrzyskie - 4');
INSERT INTO Mountain_Points_Mountain_Ranges (mountain_points_name, mountain_ranges_name) VALUES ('Mąchocice', 'Góry Świętokrzyskie - 4');
INSERT INTO Mountain_Points_Mountain_Ranges (mountain_points_name, mountain_ranges_name) VALUES ('Przełom Lubrzanki', 'Góry Świętokrzyskie - 4');
INSERT INTO Mountain_Points_Mountain_Ranges (mountain_points_name, mountain_ranges_name) VALUES ('Radostowa', 'Góry Świętokrzyskie - 4');
INSERT INTO Mountain_Points_Mountain_Ranges (mountain_points_name, mountain_ranges_name) VALUES ('Wymyślona', 'Góry Świętokrzyskie - 4');
INSERT INTO Mountain_Points_Mountain_Ranges (mountain_points_name, mountain_ranges_name) VALUES ('Święta Katarzyna', 'Góry Świętokrzyskie - 4');
INSERT INTO Mountain_Points_Mountain_Ranges (mountain_points_name, mountain_ranges_name) VALUES ('Strużna', 'Góry Świętokrzyskie - 4');
INSERT INTO Mountain_Points_Mountain_Ranges (mountain_points_name, mountain_ranges_name) VALUES ('Krajno Drugie', 'Góry Świętokrzyskie - 4');
INSERT INTO Mountain_Points_Mountain_Ranges (mountain_points_name, mountain_ranges_name) VALUES ('Ciekoty', 'Góry Świętokrzyskie - 4');
INSERT INTO Mountain_Points_Mountain_Ranges (mountain_points_name, mountain_ranges_name) VALUES ('Miejska Góra', 'Góry Świętokrzyskie - 4');
INSERT INTO Mountain_Points_Mountain_Ranges (mountain_points_name, mountain_ranges_name) VALUES ('Miejska Góra', 'Góry Świętokrzyskie - 5');
INSERT INTO Mountain_Points_Mountain_Ranges (mountain_points_name, mountain_ranges_name) VALUES ('Łysica', 'Góry Świętokrzyskie - 4');
INSERT INTO Mountain_Points_Mountain_Ranges (mountain_points_name, mountain_ranges_name) VALUES ('Kapliczka Świętego Mikolaja', 'Góry Świętokrzyskie - 4');
INSERT INTO Mountain_Points_Mountain_Ranges (mountain_points_name, mountain_ranges_name) VALUES ('Kapliczka Świętego Mikolaja', 'Góry Świętokrzyskie - 5');
--GSW5
INSERT INTO Mountain_Points_Mountain_Ranges (mountain_points_name, mountain_ranges_name) VALUES ('Wola Szczygiełkowa', 'Góry Świętokrzyskie - 5');
INSERT INTO Mountain_Points_Mountain_Ranges (mountain_points_name, mountain_ranges_name) VALUES ('Sieradowska Góra', 'Góry Świętokrzyskie - 5');
INSERT INTO Mountain_Points_Mountain_Ranges (mountain_points_name, mountain_ranges_name) VALUES ('Siekierno', 'Góry Świętokrzyskie - 5');
INSERT INTO Mountain_Points_Mountain_Ranges (mountain_points_name, mountain_ranges_name) VALUES ('Wykus', 'Góry Świętokrzyskie - 5');
INSERT INTO Mountain_Points_Mountain_Ranges (mountain_points_name, mountain_ranges_name) VALUES ('Wąchock', 'Góry Świętokrzyskie - 5');
INSERT INTO Mountain_Points_Mountain_Ranges (mountain_points_name, mountain_ranges_name) VALUES ('Starachowice', 'Góry Świętokrzyskie - 5');
INSERT INTO Mountain_Points_Mountain_Ranges (mountain_points_name, mountain_ranges_name) VALUES ('Bieliny', 'Góry Świętokrzyskie - 5');
INSERT INTO Mountain_Points_Mountain_Ranges (mountain_points_name, mountain_ranges_name) VALUES ('Łysiec', 'Góry Świętokrzyskie - 5');
INSERT INTO Mountain_Points_Mountain_Ranges (mountain_points_name, mountain_ranges_name) VALUES ('Nowa Słupia', 'Góry Świętokrzyskie - 5');
INSERT INTO Mountain_Points_Mountain_Ranges (mountain_points_name, mountain_ranges_name) VALUES ('Trzcianka', 'Góry Świętokrzyskie - 5');
INSERT INTO Mountain_Points_Mountain_Ranges (mountain_points_name, mountain_ranges_name) VALUES ('Kobyla Góra', 'Góry Świętokrzyskie - 5');
INSERT INTO Mountain_Points_Mountain_Ranges (mountain_points_name, mountain_ranges_name) VALUES ('Paprocice', 'Góry Świętokrzyskie - 5');
INSERT INTO Mountain_Points_Mountain_Ranges (mountain_points_name, mountain_ranges_name) VALUES ('Wał Małacentowski', 'Góry Świętokrzyskie - 5');
INSERT INTO Mountain_Points_Mountain_Ranges (mountain_points_name, mountain_ranges_name) VALUES ('Łagów', 'Góry Świętokrzyskie - 5');
INSERT INTO Mountain_Points_Mountain_Ranges (mountain_points_name, mountain_ranges_name) VALUES ('Chełmowa', 'Góry Świętokrzyskie - 5');
INSERT INTO Mountain_Points_Mountain_Ranges (mountain_points_name, mountain_ranges_name) VALUES ('Rudki', 'Góry Świętokrzyskie - 5');
INSERT INTO Mountain_Points_Mountain_Ranges (mountain_points_name, mountain_ranges_name) VALUES ('Dobruchna', 'Góry Świętokrzyskie - 5');
INSERT INTO Mountain_Points_Mountain_Ranges (mountain_points_name, mountain_ranges_name) VALUES ('Przełęcz Hucka', 'Góry Świętokrzyskie - 5');
INSERT INTO Mountain_Points_Mountain_Ranges (mountain_points_name, mountain_ranges_name) VALUES ('Wałsnów', 'Góry Świętokrzyskie - 5');
INSERT INTO Mountain_Points_Mountain_Ranges (mountain_points_name, mountain_ranges_name) VALUES ('Pasmo Bostowskie', 'Góry Świętokrzyskie - 5');
INSERT INTO Mountain_Points_Mountain_Ranges (mountain_points_name, mountain_ranges_name) VALUES ('Szczytniak', 'Góry Świętokrzyskie - 5');
INSERT INTO Mountain_Points_Mountain_Ranges (mountain_points_name, mountain_ranges_name) VALUES ('Mirogonowice', 'Góry Świętokrzyskie - 5');
INSERT INTO Mountain_Points_Mountain_Ranges (mountain_points_name, mountain_ranges_name) VALUES ('Przełęcz Kurczmarka', 'Góry Świętokrzyskie - 5');
INSERT INTO Mountain_Points_Mountain_Ranges (mountain_points_name, mountain_ranges_name) VALUES ('Janowice', 'Góry Świętokrzyskie - 5');
INSERT INTO Mountain_Points_Mountain_Ranges (mountain_points_name, mountain_ranges_name) VALUES ('Gołoszyce', 'Góry Świętokrzyskie - 5');
INSERT INTO Mountain_Points_Mountain_Ranges (mountain_points_name, mountain_ranges_name) VALUES ('Baćkowice', 'Góry Świętokrzyskie - 5');
INSERT INTO Mountain_Points_Mountain_Ranges (mountain_points_name, mountain_ranges_name) VALUES ('Łazy w Paśmie Iwaniskim', 'Góry Świętokrzyskie - 5');
INSERT INTO Mountain_Points_Mountain_Ranges (mountain_points_name, mountain_ranges_name) VALUES ('Iwaniska', 'Góry Świętokrzyskie - 5');
INSERT INTO Mountain_Points_Mountain_Ranges (mountain_points_name, mountain_ranges_name) VALUES ('Wysokówka', 'Góry Świętokrzyskie - 5');
INSERT INTO Mountain_Points_Mountain_Ranges (mountain_points_name, mountain_ranges_name) VALUES ('Widełki', 'Góry Świętokrzyskie - 5');
INSERT INTO Mountain_Points_Mountain_Ranges (mountain_points_name, mountain_ranges_name) VALUES ('Napęków', 'Góry Świętokrzyskie - 5');
INSERT INTO Mountain_Points_Mountain_Ranges (mountain_points_name, mountain_ranges_name) VALUES ('Makoszyn', 'Góry Świętokrzyskie - 5');
INSERT INTO Mountain_Points_Mountain_Ranges (mountain_points_name, mountain_ranges_name) VALUES ('Słowiec', 'Góry Świętokrzyskie - 5');
INSERT INTO Mountain_Points_Mountain_Ranges (mountain_points_name, mountain_ranges_name) VALUES ('Orłowiny', 'Góry Świętokrzyskie - 5');
INSERT INTO Mountain_Points_Mountain_Ranges (mountain_points_name, mountain_ranges_name) VALUES ('Wał', 'Góry Świętokrzyskie - 5');
INSERT INTO Mountain_Points_Mountain_Ranges (mountain_points_name, mountain_ranges_name) VALUES ('Lechów', 'Góry Świętokrzyskie - 5');
INSERT INTO Mountain_Points_Mountain_Ranges (mountain_points_name, mountain_ranges_name) VALUES ('Zamczysko', 'Góry Świętokrzyskie - 5');
INSERT INTO Mountain_Points_Mountain_Ranges (mountain_points_name, mountain_ranges_name) VALUES ('Wojteczki', 'Góry Świętokrzyskie - 5');
INSERT INTO Mountain_Points_Mountain_Ranges (mountain_points_name, mountain_ranges_name) VALUES ('Ociesęki', 'Góry Świętokrzyskie - 5');
INSERT INTO Mountain_Points_Mountain_Ranges (mountain_points_name, mountain_ranges_name) VALUES ('Igrzyczna', 'Góry Świętokrzyskie - 5');
INSERT INTO Mountain_Points_Mountain_Ranges (mountain_points_name, mountain_ranges_name) VALUES ('Jaźwina', 'Góry Świętokrzyskie - 5');
INSERT INTO Mountain_Points_Mountain_Ranges (mountain_points_name, mountain_ranges_name) VALUES ('Wólka Pokłonna', 'Góry Świętokrzyskie - 5');
INSERT INTO Mountain_Points_Mountain_Ranges (mountain_points_name, mountain_ranges_name) VALUES ('Kiełków', 'Góry Świętokrzyskie - 5');
INSERT INTO Mountain_Points_Mountain_Ranges (mountain_points_name, mountain_ranges_name) VALUES ('Sędek-Szabach', 'Góry Świętokrzyskie - 5');
INSERT INTO Mountain_Points_Mountain_Ranges (mountain_points_name, mountain_ranges_name) VALUES ('Sadków', 'Góry Świętokrzyskie - 5');
INSERT INTO Mountain_Points_Mountain_Ranges (mountain_points_name, mountain_ranges_name) VALUES ('Bardo', 'Góry Świętokrzyskie - 5');
INSERT INTO Mountain_Points_Mountain_Ranges (mountain_points_name, mountain_ranges_name) VALUES ('Dziewiącielska Góra', 'Góry Świętokrzyskie - 5');
INSERT INTO Mountain_Points_Mountain_Ranges (mountain_points_name, mountain_ranges_name) VALUES ('Wygiełzów', 'Góry Świętokrzyskie - 5');
INSERT INTO Mountain_Points_Mountain_Ranges (mountain_points_name, mountain_ranges_name) VALUES ('Szumsko', 'Góry Świętokrzyskie - 5');
INSERT INTO Mountain_Points_Mountain_Ranges (mountain_points_name, mountain_ranges_name) VALUES ('Zbelutka', 'Góry Świętokrzyskie - 5');

--GSW1
INSERT INTO mountain_segments (starting_point_name, end_point_name) VALUES ('Gałki', 'Guzdek');
INSERT INTO mountain_segments (starting_point_name, end_point_name) VALUES ('Przysucha', 'Guzdek');
INSERT INTO mountain_segments (starting_point_name, end_point_name) VALUES ('Ruski Bród', 'Guzdek');
INSERT INTO mountain_segments (starting_point_name, end_point_name) VALUES ('Ruski Bród', 'Sowia Góra');
INSERT INTO mountain_segments (starting_point_name, end_point_name) VALUES ('Skłoby', 'Sowia Góra');
INSERT INTO mountain_segments (starting_point_name, end_point_name) VALUES ('Stefanków', 'Skłobska Góra');
INSERT INTO mountain_segments (starting_point_name, end_point_name) VALUES ('Chlewiska', 'Skłobska Góra');
INSERT INTO mountain_segments (starting_point_name, end_point_name) VALUES ('Huta', 'Skłobska Góra');
INSERT INTO mountain_segments (starting_point_name, end_point_name) VALUES ('Altana', 'Piekło Nakłańskie');
INSERT INTO mountain_segments (starting_point_name, end_point_name) VALUES ('Niekłań', 'Piekło Nakłańskie');
INSERT INTO mountain_segments (starting_point_name, end_point_name) VALUES ('Końskie', 'Stara Kuźnica');
INSERT INTO mountain_segments (starting_point_name, end_point_name) VALUES ('Niekłań', 'Stara Kuźnica');
INSERT INTO mountain_segments (starting_point_name, end_point_name) VALUES ('Aleksandrowo', 'Altana');
INSERT INTO mountain_segments (starting_point_name, end_point_name) VALUES ('Pogorzałe', 'Altana');
INSERT INTO mountain_segments (starting_point_name, end_point_name) VALUES ('Mroczków', 'Altana');
INSERT INTO mountain_segments (starting_point_name, end_point_name) VALUES ('Szydłowiec', 'Altana');
INSERT INTO mountain_segments (starting_point_name, end_point_name) VALUES ('Bliżyn', 'Altana');
INSERT INTO mountain_segments (starting_point_name, end_point_name) VALUES ('Suchedniów', 'Świnia Góra');
INSERT INTO mountain_segments (starting_point_name, end_point_name) VALUES ('Bartków', 'Świnia Góra');
INSERT INTO mountain_segments (starting_point_name, end_point_name) VALUES ('Maleniec', 'Diabla Góra');
INSERT INTO mountain_segments (starting_point_name, end_point_name) VALUES ('Skórkowice', 'Diabla Góra');
INSERT INTO mountain_segments (starting_point_name, end_point_name) VALUES ('Żarnów', 'Sielecka Góra');
INSERT INTO mountain_segments (starting_point_name, end_point_name) VALUES ('Maleniec', 'Sielecka Góra');
--GSW2
INSERT INTO mountain_segments (starting_point_name, end_point_name) VALUES ('Przedbórz', 'Fajna Ryba');
INSERT INTO mountain_segments (starting_point_name, end_point_name) VALUES ('Mokre Góry', 'Fajna Ryba');
INSERT INTO mountain_segments (starting_point_name, end_point_name) VALUES ('Buczyna', 'Fajna Ryba');
INSERT INTO mountain_segments (starting_point_name, end_point_name) VALUES ('Rączki', 'Buczyna');
INSERT INTO mountain_segments (starting_point_name, end_point_name) VALUES ('Dobromierz', 'Buczyna');
INSERT INTO mountain_segments (starting_point_name, end_point_name) VALUES ('Kozłowa', 'Buczyna');
INSERT INTO mountain_segments (starting_point_name, end_point_name) VALUES ('Fajna Ryba', 'Kozłowa');
INSERT INTO mountain_segments (starting_point_name, end_point_name) VALUES ('Dobromierz', 'Kozłowa');
INSERT INTO mountain_segments (starting_point_name, end_point_name) VALUES ('Żeleźnica', 'Kozłowa');
INSERT INTO mountain_segments (starting_point_name, end_point_name) VALUES ('Żeleźnica', 'Świdzyńska');
INSERT INTO mountain_segments (starting_point_name, end_point_name) VALUES ('Krosocin', 'Świdzyńska');
INSERT INTO mountain_segments (starting_point_name, end_point_name) VALUES ('Ludynia', 'Święty Michał');
--GS3
INSERT INTO mountain_segments (starting_point_name, end_point_name) VALUES ('Jóźwików', 'Góra Dobrzeszowska');
INSERT INTO mountain_segments (starting_point_name, end_point_name) VALUES ('Kuźniaki', 'Góra Dobrzeszowska');
INSERT INTO mountain_segments (starting_point_name, end_point_name) VALUES ('Sielpia Wielka', 'Góra Dobrzeszowska');
INSERT INTO mountain_segments (starting_point_name, end_point_name) VALUES ('Kuźniaki', 'Siniewska Góra');
INSERT INTO mountain_segments (starting_point_name, end_point_name) VALUES ('Strawczyn', 'Siniewska Góra');
INSERT INTO mountain_segments (starting_point_name, end_point_name) VALUES ('Barania Góra', 'Siniewska Góra');
INSERT INTO mountain_segments (starting_point_name, end_point_name) VALUES ('Oblęgorek', 'Barania Góra');
INSERT INTO mountain_segments (starting_point_name, end_point_name) VALUES ('Porzecze', 'Barania Góra');
INSERT INTO mountain_segments (starting_point_name, end_point_name) VALUES ('Bobrza', 'Barania Góra');
INSERT INTO mountain_segments (starting_point_name, end_point_name) VALUES ('Krosocin', 'Święty Michał');
INSERT INTO mountain_segments (starting_point_name, end_point_name) VALUES ('Ludynia', 'Cieśle');
INSERT INTO mountain_segments (starting_point_name, end_point_name) VALUES ('Małogoszcz', 'Cieśle');
INSERT INTO mountain_segments (starting_point_name, end_point_name) VALUES ('Małogoszcz', 'Brodowica');
INSERT INTO mountain_segments (starting_point_name, end_point_name) VALUES ('Bocheniec', 'Brodowica');
INSERT INTO mountain_segments (starting_point_name, end_point_name) VALUES ('Małogoszcz', 'Pola Gorgolowskie');
INSERT INTO mountain_segments (starting_point_name, end_point_name) VALUES ('Bocheniec', 'Pola Gorgolowskie');
INSERT INTO mountain_segments (starting_point_name, end_point_name) VALUES ('Bocheniec', 'Bocheniecka Czuhatka');
INSERT INTO mountain_segments (starting_point_name, end_point_name) VALUES ('Bolmin', 'Bocheniecka Czuhatka');
INSERT INTO mountain_segments (starting_point_name, end_point_name) VALUES ('Milechowska', 'Bocheniecka Czuhatka');
INSERT INTO mountain_segments (starting_point_name, end_point_name) VALUES ('Małogoszcz', 'Milechowska');
INSERT INTO mountain_segments (starting_point_name, end_point_name) VALUES ('Miedzianka', 'Milechowska');
INSERT INTO mountain_segments (starting_point_name, end_point_name) VALUES ('Wierna Rzeka', 'Milechowska');
INSERT INTO mountain_segments (starting_point_name, end_point_name) VALUES ('Jedlica', 'Grzyby Bolmińskie');
INSERT INTO mountain_segments (starting_point_name, end_point_name) VALUES ('Miedzianka', 'Grzyby Bolmińskie');
INSERT INTO mountain_segments (starting_point_name, end_point_name) VALUES ('Bolmin', 'Grzyby Bolmińskie');
INSERT INTO mountain_segments (starting_point_name, end_point_name) VALUES ('Bocheniec', 'Wilkomija');
INSERT INTO mountain_segments (starting_point_name, end_point_name) VALUES ('Jedlica', 'Wilkomija');
INSERT INTO mountain_segments (starting_point_name, end_point_name) VALUES ('Mosty', 'Wilkomija');
INSERT INTO mountain_segments (starting_point_name, end_point_name) VALUES ('Brzegi', 'Wilkomija');
INSERT INTO mountain_segments (starting_point_name, end_point_name) VALUES ('Mosty', 'Grzywy Korzeckowskie');
INSERT INTO mountain_segments (starting_point_name, end_point_name) VALUES ('Jedlica', 'Grzywy Korzeckowskie');
INSERT INTO mountain_segments (starting_point_name, end_point_name) VALUES ('Rzepka', 'Grzywy Korzeckowskie');
INSERT INTO mountain_segments (starting_point_name, end_point_name) VALUES ('Zamek w Chęcinach', 'Grzywy Korzeckowskie');
INSERT INTO mountain_segments (starting_point_name, end_point_name) VALUES ('Rzepka', 'Zamek w Chęcinach');
INSERT INTO mountain_segments (starting_point_name, end_point_name) VALUES ('Chęciny', 'Zamek w Chęcinach');
INSERT INTO mountain_segments (starting_point_name, end_point_name) VALUES ('Rzepka', 'Sosnówka');
INSERT INTO mountain_segments (starting_point_name, end_point_name) VALUES ('Miedzianka', 'Sosnówka');
INSERT INTO mountain_segments (starting_point_name, end_point_name) VALUES ('Wierna Rzeka', 'Miedzianka');
INSERT INTO mountain_segments (starting_point_name, end_point_name) VALUES ('Rykoszyn', 'Miedzianka');
INSERT INTO mountain_segments (starting_point_name, end_point_name) VALUES ('Grzbiet Gałęzicki', 'Bukowa');
INSERT INTO mountain_segments (starting_point_name, end_point_name) VALUES ('Jaskinia Piekło Skibskie', 'Bukowa');
INSERT INTO mountain_segments (starting_point_name, end_point_name) VALUES ('Szewce', 'Bukowa');
INSERT INTO mountain_segments (starting_point_name, end_point_name) VALUES ('Plebańska', 'Bukowa');
INSERT INTO mountain_segments (starting_point_name, end_point_name) VALUES ('Jaskinia Piekło Skibskie', 'Grzbiet Gałęzicki');
INSERT INTO mountain_segments (starting_point_name, end_point_name) VALUES ('Rykoszyn', 'Grzbiet Gałęzicki');
INSERT INTO mountain_segments (starting_point_name, end_point_name) VALUES ('Jaworznia', 'Plebańska');
INSERT INTO mountain_segments (starting_point_name, end_point_name) VALUES ('Piekaszowa', 'Plebańska');
INSERT INTO mountain_segments (starting_point_name, end_point_name) VALUES ('Piekaszowa', 'Przełęcz pod Belnią');
INSERT INTO mountain_segments (starting_point_name, end_point_name) VALUES ('Jaworznia', 'Przełęcz pod Belnią');
INSERT INTO mountain_segments (starting_point_name, end_point_name) VALUES ('Szewce', 'Przełęcz pod Belnią');
INSERT INTO mountain_segments (starting_point_name, end_point_name) VALUES ('Jaskinia Piekło Skibskie', 'Szewce');
INSERT INTO mountain_segments (starting_point_name, end_point_name) VALUES ('Jaskinia Raj', 'Szewce');
INSERT INTO mountain_segments (starting_point_name, end_point_name) VALUES ('Przełęcz pod Belnią', 'Patrol');
INSERT INTO mountain_segments (starting_point_name, end_point_name) VALUES ('Jaskinia Raj', 'Patrol');
INSERT INTO mountain_segments (starting_point_name, end_point_name) VALUES ('Białogon', 'Patrol');
INSERT INTO mountain_segments (starting_point_name, end_point_name) VALUES ('Słowik', 'Patrol');
--GS4
INSERT INTO mountain_segments (starting_point_name, end_point_name) VALUES ('Białogon', 'Brusznia');
INSERT INTO mountain_segments (starting_point_name, end_point_name) VALUES ('Karczówka', 'Brusznia');
INSERT INTO mountain_segments (starting_point_name, end_point_name) VALUES ('Szczukowskie Górki', 'Brusznia');
INSERT INTO mountain_segments (starting_point_name, end_point_name) VALUES ('Brusznia', 'Dalnia');
INSERT INTO mountain_segments (starting_point_name, end_point_name) VALUES ('Czarnowo', 'Dalnia');
INSERT INTO mountain_segments (starting_point_name, end_point_name) VALUES ('Karczówka', 'Dalnia');
INSERT INTO mountain_segments (starting_point_name, end_point_name) VALUES ('Słowik', 'Biesak');
INSERT INTO mountain_segments (starting_point_name, end_point_name) VALUES ('Posłowice', 'Biesak');
INSERT INTO mountain_segments (starting_point_name, end_point_name) VALUES ('Przełęcz pod Obrazikiem', 'Biesak');
INSERT INTO mountain_segments (starting_point_name, end_point_name) VALUES ('Przełęcz pod Obrazikiem', 'Bugalanka');
INSERT INTO mountain_segments (starting_point_name, end_point_name) VALUES ('Białogon', 'Bugalanka');
INSERT INTO mountain_segments (starting_point_name, end_point_name) VALUES ('Posłowice', 'Pierścienica');
INSERT INTO mountain_segments (starting_point_name, end_point_name) VALUES ('Przełęcz pod Obrazikiem', 'Pierścienica');
INSERT INTO mountain_segments (starting_point_name, end_point_name) VALUES ('Wielka', 'Pierścienica');
INSERT INTO mountain_segments (starting_point_name, end_point_name) VALUES ('Stadion Kielce', 'Pierścienica');
INSERT INTO mountain_segments (starting_point_name, end_point_name) VALUES ('Kaweczyzna', 'Wielka');
INSERT INTO mountain_segments (starting_point_name, end_point_name) VALUES ('Dyminy', 'Wielka');
INSERT INTO mountain_segments (starting_point_name, end_point_name) VALUES ('Wielka', 'Telegraf');
INSERT INTO mountain_segments (starting_point_name, end_point_name) VALUES ('Kaweczyzna', 'Telegraf');
INSERT INTO mountain_segments (starting_point_name, end_point_name) VALUES ('Wietrzna', 'Telegraf');
INSERT INTO mountain_segments (starting_point_name, end_point_name) VALUES ('Bukówka', 'Telegraf');
INSERT INTO mountain_segments (starting_point_name, end_point_name) VALUES ('Dyminy', 'Babia Góra');
INSERT INTO mountain_segments (starting_point_name, end_point_name) VALUES ('Blicza', 'Babia Góra');
INSERT INTO mountain_segments (starting_point_name, end_point_name) VALUES ('Suków', 'Babia Góra');
INSERT INTO mountain_segments (starting_point_name, end_point_name) VALUES ('Sitkówka Nowiny', 'Babia Góra');
INSERT INTO mountain_segments (starting_point_name, end_point_name) VALUES ('Bukówka', 'Zalesna');
INSERT INTO mountain_segments (starting_point_name, end_point_name) VALUES ('Zagórze', 'Zalesna');
INSERT INTO mountain_segments (starting_point_name, end_point_name) VALUES ('Cedzyna', 'Otrocz');
INSERT INTO mountain_segments (starting_point_name, end_point_name) VALUES ('Zalesna', 'Otrocz');
INSERT INTO mountain_segments (starting_point_name, end_point_name) VALUES ('Niestachów', 'Otrocz');
INSERT INTO mountain_segments (starting_point_name, end_point_name) VALUES ('Radlin', 'Otrocz');
INSERT INTO mountain_segments (starting_point_name, end_point_name) VALUES ('Niestachów', 'Sikorza');
INSERT INTO mountain_segments (starting_point_name, end_point_name) VALUES ('Świnia', 'Sikorza');
INSERT INTO mountain_segments (starting_point_name, end_point_name) VALUES ('Jabłonna', 'Sikorza');
INSERT INTO mountain_segments (starting_point_name, end_point_name) VALUES ('Niestachów', 'Jabłonna');
INSERT INTO mountain_segments (starting_point_name, end_point_name) VALUES ('Papiernia', 'Jabłonna');
INSERT INTO mountain_segments (starting_point_name, end_point_name) VALUES ('Borków', 'Jabłonna');
INSERT INTO mountain_segments (starting_point_name, end_point_name) VALUES ('Słopiec', 'Jabłonna');
INSERT INTO mountain_segments (starting_point_name, end_point_name) VALUES ('Daleszyce', 'Jabłonna');
INSERT INTO mountain_segments (starting_point_name, end_point_name) VALUES ('Słopiec', 'Kamień');
INSERT INTO mountain_segments (starting_point_name, end_point_name) VALUES ('Borków', 'Kamień');
INSERT INTO mountain_segments (starting_point_name, end_point_name) VALUES ('Huta Szklana', 'Kamień');
INSERT INTO mountain_segments (starting_point_name, end_point_name) VALUES ('Daleszyce', 'Września');
INSERT INTO mountain_segments (starting_point_name, end_point_name) VALUES ('Hucisko', 'Września');
INSERT INTO mountain_segments (starting_point_name, end_point_name) VALUES ('Września', 'Stołowa');
INSERT INTO mountain_segments (starting_point_name, end_point_name) VALUES ('Cisów', 'Stołowa');
INSERT INTO mountain_segments (starting_point_name, end_point_name) VALUES ('Włochy', 'Stołowa');
INSERT INTO mountain_segments (starting_point_name, end_point_name) VALUES ('Mniów', 'Wzgórza Kołomańskie');
INSERT INTO mountain_segments (starting_point_name, end_point_name) VALUES ('Samsonów', 'Wzgórza Kołomańskie');
INSERT INTO mountain_segments (starting_point_name, end_point_name) VALUES ('Bobrza', 'Grodowa');
INSERT INTO mountain_segments (starting_point_name, end_point_name) VALUES ('Tumlin', 'Grodowa');
INSERT INTO mountain_segments (starting_point_name, end_point_name) VALUES ('Grodowa', 'Kamień Miedzianogórski');
INSERT INTO mountain_segments (starting_point_name, end_point_name) VALUES ('Porzecze', 'Kamień Miedzianogórski');
INSERT INTO mountain_segments (starting_point_name, end_point_name) VALUES ('Miedziana Góra', 'Kamień Miedzianogórski');
INSERT INTO mountain_segments (starting_point_name, end_point_name) VALUES ('Tumlin', 'Sosnowica');
INSERT INTO mountain_segments (starting_point_name, end_point_name) VALUES ('Piaski', 'Sosnowica');
INSERT INTO mountain_segments (starting_point_name, end_point_name) VALUES ('Dąbrowa-Łąki', 'Sosnowica');
INSERT INTO mountain_segments (starting_point_name, end_point_name) VALUES ('Zagnańsk', 'Sosnowica');
INSERT INTO mountain_segments (starting_point_name, end_point_name) VALUES ('Zagnańsk', 'Bartków');
INSERT INTO mountain_segments (starting_point_name, end_point_name) VALUES ('Świnia Góra', 'Bartków');
INSERT INTO mountain_segments (starting_point_name, end_point_name) VALUES ('Brzezinki', 'Barcza');
INSERT INTO mountain_segments (starting_point_name, end_point_name) VALUES ('Barcza', 'Bukowa Góra');
INSERT INTO mountain_segments (starting_point_name, end_point_name) VALUES ('Łączna', 'Bukowa Góra');
INSERT INTO mountain_segments (starting_point_name, end_point_name) VALUES ('Bodzentyn', 'Bukowa Góra');
INSERT INTO mountain_segments (starting_point_name, end_point_name) VALUES ('Święta Barbara', 'Kamień Michniowski');
INSERT INTO mountain_segments (starting_point_name, end_point_name) VALUES ('Michniów', 'Kamień Michniowski');
INSERT INTO mountain_segments (starting_point_name, end_point_name) VALUES ('Suchedniów', 'Kamień Michniowski');
INSERT INTO mountain_segments (starting_point_name, end_point_name) VALUES ('Bodzentyn', 'Kamień Michniowski');
INSERT INTO mountain_segments (starting_point_name, end_point_name) VALUES ('Dąbrowa-Łąki', 'Wierzejska');
INSERT INTO mountain_segments (starting_point_name, end_point_name) VALUES ('Szydłówek', 'Wierzejska');
INSERT INTO mountain_segments (starting_point_name, end_point_name) VALUES ('Dąbrowa', 'Wierzejska');
INSERT INTO mountain_segments (starting_point_name, end_point_name) VALUES ('Dąbrowa', 'Domaniówka');
INSERT INTO mountain_segments (starting_point_name, end_point_name) VALUES ('Masłów', 'Domaniówka');
INSERT INTO mountain_segments (starting_point_name, end_point_name) VALUES ('Masłów', 'Klonówka');
INSERT INTO mountain_segments (starting_point_name, end_point_name) VALUES ('Brzezinki', 'Klonówka');
INSERT INTO mountain_segments (starting_point_name, end_point_name) VALUES ('Mąchocice', 'Klonówka');
INSERT INTO mountain_segments (starting_point_name, end_point_name) VALUES ('Przełom Lubrzanki', 'Klonówka');
INSERT INTO mountain_segments (starting_point_name, end_point_name) VALUES ('Wymyślona', 'Radostowa');
INSERT INTO mountain_segments (starting_point_name, end_point_name) VALUES ('Przełom Lubrzanki', 'Radostowa');
INSERT INTO mountain_segments (starting_point_name, end_point_name) VALUES ('Święta Katarzyna', 'Radostowa');
INSERT INTO mountain_segments (starting_point_name, end_point_name) VALUES ('Krajno Drugie', 'Strużna');
INSERT INTO mountain_segments (starting_point_name, end_point_name) VALUES ('Wymyślona', 'Strużna');
INSERT INTO mountain_segments (starting_point_name, end_point_name) VALUES ('Radostowa', 'Strużna');
INSERT INTO mountain_segments (starting_point_name, end_point_name) VALUES ('Mąchocice', 'Przełom Lubrzanki');
INSERT INTO mountain_segments (starting_point_name, end_point_name) VALUES ('Ciekoty', 'Przełom Lubrzanki');
INSERT INTO mountain_segments (starting_point_name, end_point_name) VALUES ('Wymyślona', 'Święta Katarzyna');
INSERT INTO mountain_segments (starting_point_name, end_point_name) VALUES ('Ciekoty', 'Święta Katarzyna');
INSERT INTO mountain_segments (starting_point_name, end_point_name) VALUES ('Miejska Góra', 'Święta Katarzyna');
INSERT INTO mountain_segments (starting_point_name, end_point_name) VALUES ('Święta Katarzyna', 'Łysica');
INSERT INTO mountain_segments (starting_point_name, end_point_name) VALUES ('Kapliczka Świętego Mikolaja', 'Łysica');
INSERT INTO mountain_segments (starting_point_name, end_point_name) VALUES ('Łączna', 'Świnia Góra');
INSERT INTO mountain_segments (starting_point_name, end_point_name) VALUES ('Rejów', 'Świnia Góra');
INSERT INTO mountain_segments (starting_point_name, end_point_name) VALUES ('Bliżyn', 'Świnia Góra');
--GS5
INSERT INTO mountain_segments (starting_point_name, end_point_name) VALUES ('Święta Katarzyna', 'Miejska Góra');
INSERT INTO mountain_segments (starting_point_name, end_point_name) VALUES ('Wola Szczygiełkowa', 'Miejska Góra');
INSERT INTO mountain_segments (starting_point_name, end_point_name) VALUES ('Bodzentyn', 'Miejska Góra');
INSERT INTO mountain_segments (starting_point_name, end_point_name) VALUES ('Bodzentyn', 'Sieradowska Góra');
INSERT INTO mountain_segments (starting_point_name, end_point_name) VALUES ('Siekierno', 'Sieradowska Góra');
INSERT INTO mountain_segments (starting_point_name, end_point_name) VALUES ('Siekierno', 'Wykus');
INSERT INTO mountain_segments (starting_point_name, end_point_name) VALUES ('Wąchock', 'Wykus');
INSERT INTO mountain_segments (starting_point_name, end_point_name) VALUES ('Starachowice', 'Wykus');
INSERT INTO mountain_segments (starting_point_name, end_point_name) VALUES ('Łysiec', 'Kapliczka Świętego Mikolaja');
INSERT INTO mountain_segments (starting_point_name, end_point_name) VALUES ('Bieliny', 'Kapliczka Świętego Mikolaja');
INSERT INTO mountain_segments (starting_point_name, end_point_name) VALUES ('Przełęcz Hucka', 'Kapliczka Świętego Mikolaja');
INSERT INTO mountain_segments (starting_point_name, end_point_name) VALUES ('Przełęcz Hucka', 'Łysiec');
INSERT INTO mountain_segments (starting_point_name, end_point_name) VALUES ('Bieliny', 'Łysiec');
INSERT INTO mountain_segments (starting_point_name, end_point_name) VALUES ('Nowa Słupia', 'Łysiec');
INSERT INTO mountain_segments (starting_point_name, end_point_name) VALUES ('Trzcianka', 'Łysiec');
INSERT INTO mountain_segments (starting_point_name, end_point_name) VALUES ('Trzcianka', 'Kobyla Góra');
INSERT INTO mountain_segments (starting_point_name, end_point_name) VALUES ('Nowa Słupia', 'Kobyla Góra');
INSERT INTO mountain_segments (starting_point_name, end_point_name) VALUES ('Paprocice', 'Kobyla Góra');
INSERT INTO mountain_segments (starting_point_name, end_point_name) VALUES ('Wał Małacentowski', 'Kobyla Góra');
INSERT INTO mountain_segments (starting_point_name, end_point_name) VALUES ('Bieliny', 'Wał Małacentowski');
INSERT INTO mountain_segments (starting_point_name, end_point_name) VALUES ('Łagów', 'Wał Małacentowski');
INSERT INTO mountain_segments (starting_point_name, end_point_name) VALUES ('Nowa Słupia', 'Chełmowa');
INSERT INTO mountain_segments (starting_point_name, end_point_name) VALUES ('Rudki', 'Chełmowa');
INSERT INTO mountain_segments (starting_point_name, end_point_name) VALUES ('Dobruchna', 'Chełmowa');
INSERT INTO mountain_segments (starting_point_name, end_point_name) VALUES ('Wałsnów', 'Chełmowa');
INSERT INTO mountain_segments (starting_point_name, end_point_name) VALUES ('Bodzentyn', 'Pasmo Bostowskie');
INSERT INTO mountain_segments (starting_point_name, end_point_name) VALUES ('Rudki', 'Pasmo Bostowskie');
INSERT INTO mountain_segments (starting_point_name, end_point_name) VALUES ('Paprocice', 'Szczytniak');
INSERT INTO mountain_segments (starting_point_name, end_point_name) VALUES ('Wałsnów', 'Szczytniak');
INSERT INTO mountain_segments (starting_point_name, end_point_name) VALUES ('Mirogonowice', 'Szczytniak');
INSERT INTO mountain_segments (starting_point_name, end_point_name) VALUES ('Przełęcz Kurczmarka', 'Szczytniak');
INSERT INTO mountain_segments (starting_point_name, end_point_name) VALUES ('Przełęcz Kurczmarka', 'Wysokówka');
INSERT INTO mountain_segments (starting_point_name, end_point_name) VALUES ('Janowice', 'Wysokówka');
INSERT INTO mountain_segments (starting_point_name, end_point_name) VALUES ('Gołoszyce', 'Wysokówka');
INSERT INTO mountain_segments (starting_point_name, end_point_name) VALUES ('Baćkowice', 'Wysokówka');
INSERT INTO mountain_segments (starting_point_name, end_point_name) VALUES ('Iwaniska', 'Łazy w Paśmie Iwaniskim');
INSERT INTO mountain_segments (starting_point_name, end_point_name) VALUES ('Łagów', 'Łazy w Paśmie Iwaniskim');
INSERT INTO mountain_segments (starting_point_name, end_point_name) VALUES ('Września', 'Hucisko');
INSERT INTO mountain_segments (starting_point_name, end_point_name) VALUES ('Świnia', 'Hucisko');
INSERT INTO mountain_segments (starting_point_name, end_point_name) VALUES ('Napęków', 'Hucisko');
INSERT INTO mountain_segments (starting_point_name, end_point_name) VALUES ('Wysokówka', 'Hucisko');
INSERT INTO mountain_segments (starting_point_name, end_point_name) VALUES ('Hucisko', 'Włochy');
INSERT INTO mountain_segments (starting_point_name, end_point_name) VALUES ('Wysokówka', 'Włochy');
INSERT INTO mountain_segments (starting_point_name, end_point_name) VALUES ('Widełki', 'Włochy');
INSERT INTO mountain_segments (starting_point_name, end_point_name) VALUES ('Cisów', 'Włochy');
INSERT INTO mountain_segments (starting_point_name, end_point_name) VALUES ('Makoszyn', 'Wysokówka');
INSERT INTO mountain_segments (starting_point_name, end_point_name) VALUES ('Widełki', 'Wysokówka');
INSERT INTO mountain_segments (starting_point_name, end_point_name) VALUES ('Słowiec', 'Wysokówka');
INSERT INTO mountain_segments (starting_point_name, end_point_name) VALUES ('Orłowiny', 'Słowiec');
INSERT INTO mountain_segments (starting_point_name, end_point_name) VALUES ('Widełki', 'Słowiec');
INSERT INTO mountain_segments (starting_point_name, end_point_name) VALUES ('Lechów', 'Wał');
INSERT INTO mountain_segments (starting_point_name, end_point_name) VALUES ('Orłowiny', 'Wał');
INSERT INTO mountain_segments (starting_point_name, end_point_name) VALUES ('Widełki', 'Zamczysko');
INSERT INTO mountain_segments (starting_point_name, end_point_name) VALUES ('Wojteczki', 'Zamczysko');
INSERT INTO mountain_segments (starting_point_name, end_point_name) VALUES ('Ociesęki', 'Zamczysko');
INSERT INTO mountain_segments (starting_point_name, end_point_name) VALUES ('Widełki', 'Igrzyczna');
INSERT INTO mountain_segments (starting_point_name, end_point_name) VALUES ('Huta Szklana', 'Igrzyczna');
INSERT INTO mountain_segments (starting_point_name, end_point_name) VALUES ('Igrzyczna', 'Jaźwina');
INSERT INTO mountain_segments (starting_point_name, end_point_name) VALUES ('Ociesęki', 'Jaźwina');
INSERT INTO mountain_segments (starting_point_name, end_point_name) VALUES ('Wólka Pokłonna', 'Jaźwina');
INSERT INTO mountain_segments (starting_point_name, end_point_name) VALUES ('Wojteczki', 'Kiełków');
INSERT INTO mountain_segments (starting_point_name, end_point_name) VALUES ('Ociesęki', 'Kiełków');
INSERT INTO mountain_segments (starting_point_name, end_point_name) VALUES ('Sędek-Szabach', 'Kiełków');
INSERT INTO mountain_segments (starting_point_name, end_point_name) VALUES ('Łagów', 'Sędek-Szabach');
INSERT INTO mountain_segments (starting_point_name, end_point_name) VALUES ('Sadków', 'Sędek-Szabach');
INSERT INTO mountain_segments (starting_point_name, end_point_name) VALUES ('Bardo', 'Sędek-Szabach');
INSERT INTO mountain_segments (starting_point_name, end_point_name) VALUES ('Wygiełzów', 'Dziewiącielska Góra');
INSERT INTO mountain_segments (starting_point_name, end_point_name) VALUES ('Szumsko', 'Dziewiącielska Góra');
INSERT INTO mountain_segments (starting_point_name, end_point_name) VALUES ('Zbelutka', 'Dziewiącielska Góra');

INSERT INTO trails (color, estimated_time, one_way, points_for_reaching, points_for_descent, mountain_range_name, mountain_segment_starting_point_name, mountain_segment_end_point_name)   VALUES (5, 120, 0, 8, 8, 'Góry Świętokrzyskie - 1', 'Gałki', 'Guzdek');
INSERT INTO trails (color, estimated_time, one_way, points_for_reaching, points_for_descent, mountain_range_name, mountain_segment_starting_point_name, mountain_segment_end_point_name)   VALUES (5, 120, 0, 9, 8, 'Góry Świętokrzyskie - 1', 'Przysucha', 'Guzdek');
INSERT INTO trails (color, estimated_time, one_way, points_for_reaching, points_for_descent, mountain_range_name, mountain_segment_starting_point_name, mountain_segment_end_point_name)   VALUES (5, 90, 0, 6, 6, 'Góry Świętokrzyskie - 1', 'Ruski Bród', 'Guzdek');
INSERT INTO trails (color, estimated_time, one_way, points_for_reaching, points_for_descent, mountain_range_name, mountain_segment_starting_point_name, mountain_segment_end_point_name)   VALUES (5, 60, 0, 4, 4, 'Góry Świętokrzyskie - 1', 'Ruski Bród', 'Sowia Góra');
INSERT INTO trails (color, estimated_time, one_way, points_for_reaching, points_for_descent, mountain_range_name, mountain_segment_starting_point_name, mountain_segment_end_point_name)   VALUES (5, 60, 0, 5, 4, 'Góry Świętokrzyskie - 1', 'Skłoby', 'Sowia Góra');
INSERT INTO trails (color, estimated_time, one_way, points_for_reaching, points_for_descent, mountain_range_name, mountain_segment_starting_point_name, mountain_segment_end_point_name)   VALUES (5, 125, 0, 10, 9, 'Góry Świętokrzyskie - 1', 'Stefanków', 'Skłobska Góra');
INSERT INTO trails (color, estimated_time, one_way, points_for_reaching, points_for_descent, mountain_range_name, mountain_segment_starting_point_name, mountain_segment_end_point_name)   VALUES (5, 60, 0, 5, 4, 'Góry Świętokrzyskie - 1', 'Chlewiska', 'Skłobska Góra');
INSERT INTO trails (color, estimated_time, one_way, points_for_reaching, points_for_descent, mountain_range_name, mountain_segment_starting_point_name, mountain_segment_end_point_name)   VALUES (5, 90, 0, 7, 6, 'Góry Świętokrzyskie - 1', 'Huta', 'Skłobska Góra');
INSERT INTO trails (color, estimated_time, one_way, points_for_reaching, points_for_descent, mountain_range_name, mountain_segment_starting_point_name, mountain_segment_end_point_name)   VALUES (5, 180, 0, 11, 12, 'Góry Świętokrzyskie - 1', 'Altana', 'Piekło Nakłańskie');
INSERT INTO trails (color, estimated_time, one_way, points_for_reaching, points_for_descent, mountain_range_name, mountain_segment_starting_point_name, mountain_segment_end_point_name)   VALUES (5, 60, 0, 4, 4, 'Góry Świętokrzyskie - 1', 'Niekłań', 'Piekło Nakłańskie');
INSERT INTO trails (color, estimated_time, one_way, points_for_reaching, points_for_descent, mountain_range_name, mountain_segment_starting_point_name, mountain_segment_end_point_name)   VALUES (5, 90, 0, 6, 6, 'Góry Świętokrzyskie - 1', 'Końskie', 'Stara Kuźnica');
INSERT INTO trails (color, estimated_time, one_way, points_for_reaching, points_for_descent, mountain_range_name, mountain_segment_starting_point_name, mountain_segment_end_point_name)   VALUES (5, 120, 0, 8, 8, 'Góry Świętokrzyskie - 1', 'Niekłań', 'Stara Kuźnica');
INSERT INTO trails (color, estimated_time, one_way, points_for_reaching, points_for_descent, mountain_range_name, mountain_segment_starting_point_name, mountain_segment_end_point_name)   VALUES (5, 45, 0, 6, 3, 'Góry Świętokrzyskie - 1', 'Aleksandrowo', 'Altana');
INSERT INTO trails (color, estimated_time, one_way, points_for_reaching, points_for_descent, mountain_range_name, mountain_segment_starting_point_name, mountain_segment_end_point_name)   VALUES (5, 225, 0, 17, 15, 'Góry Świętokrzyskie - 1', 'Pogorzałe', 'Altana');
INSERT INTO trails (color, estimated_time, one_way, points_for_reaching, points_for_descent, mountain_range_name, mountain_segment_starting_point_name, mountain_segment_end_point_name)   VALUES (5, 105, 0, 8, 7, 'Góry Świętokrzyskie - 1', 'Mroczków', 'Altana');
INSERT INTO trails (color, estimated_time, one_way, points_for_reaching, points_for_descent, mountain_range_name, mountain_segment_starting_point_name, mountain_segment_end_point_name)   VALUES (5, 255, 0, 19, 17, 'Góry Świętokrzyskie - 1', 'Szydłowiec', 'Altana');
INSERT INTO trails (color, estimated_time, one_way, points_for_reaching, points_for_descent, mountain_range_name, mountain_segment_starting_point_name, mountain_segment_end_point_name)   VALUES (5, 150, 0, 11, 10, 'Góry Świętokrzyskie - 1', 'Bliżyn', 'Altana');
INSERT INTO trails (color, estimated_time, one_way, points_for_reaching, points_for_descent, mountain_range_name, mountain_segment_starting_point_name, mountain_segment_end_point_name)   VALUES (5, 180, 0, 13, 12, 'Góry Świętokrzyskie - 1', 'Bliżyn', 'Świnia Góra');
INSERT INTO trails (color, estimated_time, one_way, points_for_reaching, points_for_descent, mountain_range_name, mountain_segment_starting_point_name, mountain_segment_end_point_name)   VALUES (5, 180, 0, 13, 12, 'Góry Świętokrzyskie - 1', 'Rejów', 'Świnia Góra');
INSERT INTO trails (color, estimated_time, one_way, points_for_reaching, points_for_descent, mountain_range_name, mountain_segment_starting_point_name, mountain_segment_end_point_name)   VALUES (5, 180, 0, 13, 12, 'Góry Świętokrzyskie - 1', 'Suchedniów', 'Świnia Góra');
INSERT INTO trails (color, estimated_time, one_way, points_for_reaching, points_for_descent, mountain_range_name, mountain_segment_starting_point_name, mountain_segment_end_point_name)   VALUES (4, 180, 0, 13, 12, 'Góry Świętokrzyskie - 1', 'Suchedniów', 'Świnia Góra');
INSERT INTO trails (color, estimated_time, one_way, points_for_reaching, points_for_descent, mountain_range_name, mountain_segment_starting_point_name, mountain_segment_end_point_name)   VALUES (5, 195, 0, 14, 13, 'Góry Świętokrzyskie - 1', 'Bartków', 'Świnia Góra');
INSERT INTO trails (color, estimated_time, one_way, points_for_reaching, points_for_descent, mountain_range_name, mountain_segment_starting_point_name, mountain_segment_end_point_name)   VALUES (2, 195, 0, 14, 13, 'Góry Świętokrzyskie - 1', 'Bartków', 'Świnia Góra');
INSERT INTO trails (color, estimated_time, one_way, points_for_reaching, points_for_descent, mountain_range_name, mountain_segment_starting_point_name, mountain_segment_end_point_name)   VALUES (5, 210, 0, 15, 14, 'Góry Świętokrzyskie - 1', 'Maleniec', 'Diabla Góra');
INSERT INTO trails (color, estimated_time, one_way, points_for_reaching, points_for_descent, mountain_range_name, mountain_segment_starting_point_name, mountain_segment_end_point_name)   VALUES (5, 45, 0, 4, 3, 'Góry Świętokrzyskie - 1', 'Skórkowice', 'Diabla Góra');
INSERT INTO trails (color, estimated_time, one_way, points_for_reaching, points_for_descent, mountain_range_name, mountain_segment_starting_point_name, mountain_segment_end_point_name)   VALUES (5, 30, 0, 3, 2, 'Góry Świętokrzyskie - 1', 'Żarnów', 'Sielecka Góra');
INSERT INTO trails (color, estimated_time, one_way, points_for_reaching, points_for_descent, mountain_range_name, mountain_segment_starting_point_name, mountain_segment_end_point_name)   VALUES (5, 90, 0, 7, 6, 'Góry Świętokrzyskie - 1', 'Maleniec', 'Sielecka Góra');
INSERT INTO trails (color, estimated_time, one_way, points_for_reaching, points_for_descent, mountain_range_name, mountain_segment_starting_point_name, mountain_segment_end_point_name)   VALUES (5, 135, 0, 10, 9, 'Góry Świętokrzyskie - 2', 'Przedbórz', 'Fajna Ryba');
INSERT INTO trails (color, estimated_time, one_way, points_for_reaching, points_for_descent, mountain_range_name, mountain_segment_starting_point_name, mountain_segment_end_point_name)   VALUES (5, 45, 0, 4, 3, 'Góry Świętokrzyskie - 2', 'Mokre Góry', 'Fajna Ryba');
INSERT INTO trails (color, estimated_time, one_way, points_for_reaching, points_for_descent, mountain_range_name, mountain_segment_starting_point_name, mountain_segment_end_point_name)   VALUES (5, 75, 0, 5, 5, 'Góry Świętokrzyskie - 2', 'Buczyna', 'Fajna Ryba');
INSERT INTO trails (color, estimated_time, one_way, points_for_reaching, points_for_descent, mountain_range_name, mountain_segment_starting_point_name, mountain_segment_end_point_name)   VALUES (5, 30, 0, 3, 2, 'Góry Świętokrzyskie - 2', 'Rączki', 'Buczyna');
INSERT INTO trails (color, estimated_time, one_way, points_for_reaching, points_for_descent, mountain_range_name, mountain_segment_starting_point_name, mountain_segment_end_point_name)   VALUES (5, 30, 0, 3, 2, 'Góry Świętokrzyskie - 2', 'Dobromierz', 'Buczyna');
INSERT INTO trails (color, estimated_time, one_way, points_for_reaching, points_for_descent, mountain_range_name, mountain_segment_starting_point_name, mountain_segment_end_point_name)   VALUES (5, 90, 0, 6, 6, 'Góry Świętokrzyskie - 2', 'Kozłowa', 'Buczyna');
INSERT INTO trails (color, estimated_time, one_way, points_for_reaching, points_for_descent, mountain_range_name, mountain_segment_starting_point_name, mountain_segment_end_point_name)   VALUES (5, 30, 0, 2, 2, 'Góry Świętokrzyskie - 2', 'Fajna Ryba', 'Kozłowa');
INSERT INTO trails (color, estimated_time, one_way, points_for_reaching, points_for_descent, mountain_range_name, mountain_segment_starting_point_name, mountain_segment_end_point_name)   VALUES (5, 105, 0, 8, 7, 'Góry Świętokrzyskie - 2', 'Dobromierz', 'Kozłowa');
INSERT INTO trails (color, estimated_time, one_way, points_for_reaching, points_for_descent, mountain_range_name, mountain_segment_starting_point_name, mountain_segment_end_point_name)   VALUES (5, 90, 0, 7, 6, 'Góry Świętokrzyskie - 2', 'Żeleźnica', 'Kozłowa');
INSERT INTO trails (color, estimated_time, one_way, points_for_reaching, points_for_descent, mountain_range_name, mountain_segment_starting_point_name, mountain_segment_end_point_name)   VALUES (5, 105, 0, 8, 7, 'Góry Świętokrzyskie - 2', 'Żeleźnica', 'Świdzyńska');
INSERT INTO trails (color, estimated_time, one_way, points_for_reaching, points_for_descent, mountain_range_name, mountain_segment_starting_point_name, mountain_segment_end_point_name)   VALUES (5, 90, 0, 7, 6, 'Góry Świętokrzyskie - 2', 'Krosocin', 'Świdzyńska');
INSERT INTO trails (color, estimated_time, one_way, points_for_reaching, points_for_descent, mountain_range_name, mountain_segment_starting_point_name, mountain_segment_end_point_name)   VALUES (5, 45, 0, 4, 3, 'Góry Świętokrzyskie - 2', 'Krosocin', 'Święty Michał');
INSERT INTO trails (color, estimated_time, one_way, points_for_reaching, points_for_descent, mountain_range_name, mountain_segment_starting_point_name, mountain_segment_end_point_name)   VALUES (5, 45, 0, 4, 3, 'Góry Świętokrzyskie - 2', 'Ludynia', 'Święty Michał');
INSERT INTO trails (color, estimated_time, one_way, points_for_reaching, points_for_descent, mountain_range_name, mountain_segment_starting_point_name, mountain_segment_end_point_name)   VALUES (1, 60, 0, 5, 4, 'Góry Świętokrzyskie - 3', 'Jóźwików', 'Góra Dobrzeszowska');
INSERT INTO trails (color, estimated_time, one_way, points_for_reaching, points_for_descent, mountain_range_name, mountain_segment_starting_point_name, mountain_segment_end_point_name)   VALUES (1, 75, 0, 6, 5, 'Góry Świętokrzyskie - 3', 'Kuźniaki', 'Góra Dobrzeszowska');
INSERT INTO trails (color, estimated_time, one_way, points_for_reaching, points_for_descent, mountain_range_name, mountain_segment_starting_point_name, mountain_segment_end_point_name)   VALUES (1, 210, 0, 14, 14, 'Góry Świętokrzyskie - 3', 'Sielpia Wielka', 'Góra Dobrzeszowska');
INSERT INTO trails (color, estimated_time, one_way, points_for_reaching, points_for_descent, mountain_range_name, mountain_segment_starting_point_name, mountain_segment_end_point_name)   VALUES (0, 120, 0, 10, 8, 'Góry Świętokrzyskie - 3', 'Kuźniaki', 'Siniewska Góra');
INSERT INTO trails (color, estimated_time, one_way, points_for_reaching, points_for_descent, mountain_range_name, mountain_segment_starting_point_name, mountain_segment_end_point_name)   VALUES (0, 90, 0, 8, 6, 'Góry Świętokrzyskie - 3', 'Strawczyn', 'Siniewska Góra');
INSERT INTO trails (color, estimated_time, one_way, points_for_reaching, points_for_descent, mountain_range_name, mountain_segment_starting_point_name, mountain_segment_end_point_name)   VALUES (5, 90, 0, 8, 6, 'Góry Świętokrzyskie - 3', 'Strawczyn', 'Siniewska Góra');
INSERT INTO trails (color, estimated_time, one_way, points_for_reaching, points_for_descent, mountain_range_name, mountain_segment_starting_point_name, mountain_segment_end_point_name)   VALUES (4, 45, 0, 3, 3, 'Góry Świętokrzyskie - 3', 'Barania Góra', 'Siniewska Góra');
INSERT INTO trails (color, estimated_time, one_way, points_for_reaching, points_for_descent, mountain_range_name, mountain_segment_starting_point_name, mountain_segment_end_point_name)   VALUES (4, 30, 0, 4, 2, 'Góry Świętokrzyskie - 3', 'Oblęgorek', 'Barania Góra');
INSERT INTO trails (color, estimated_time, one_way, points_for_reaching, points_for_descent, mountain_range_name, mountain_segment_starting_point_name, mountain_segment_end_point_name)   VALUES (0, 60, 0, 6, 4, 'Góry Świętokrzyskie - 3', 'Porzecze', 'Barania Góra');
INSERT INTO trails (color, estimated_time, one_way, points_for_reaching, points_for_descent, mountain_range_name, mountain_segment_starting_point_name, mountain_segment_end_point_name)   VALUES (0, 75, 0, 7, 5, 'Góry Świętokrzyskie - 3', 'Bobrza', 'Barania Góra');
INSERT INTO trails (color, estimated_time, one_way, points_for_reaching, points_for_descent, mountain_range_name, mountain_segment_starting_point_name, mountain_segment_end_point_name)   VALUES (5, 75, 0, 7, 5, 'Góry Świętokrzyskie - 3', 'Bobrza', 'Barania Góra');
INSERT INTO trails (color, estimated_time, one_way, points_for_reaching, points_for_descent, mountain_range_name, mountain_segment_starting_point_name, mountain_segment_end_point_name)   VALUES (5, 45, 0, 4, 3, 'Góry Świętokrzyskie - 3', 'Ludynia', 'Święty Michał');
INSERT INTO trails (color, estimated_time, one_way, points_for_reaching, points_for_descent, mountain_range_name, mountain_segment_starting_point_name, mountain_segment_end_point_name)   VALUES (5, 45, 0, 4, 3, 'Góry Świętokrzyskie - 3', 'Krosocin', 'Święty Michał');
INSERT INTO trails (color, estimated_time, one_way, points_for_reaching, points_for_descent, mountain_range_name, mountain_segment_starting_point_name, mountain_segment_end_point_name)   VALUES (5, 30, 0, 3, 2, 'Góry Świętokrzyskie - 3', 'Ludynia', 'Cieśle');
INSERT INTO trails (color, estimated_time, one_way, points_for_reaching, points_for_descent, mountain_range_name, mountain_segment_starting_point_name, mountain_segment_end_point_name)   VALUES (5, 105, 0, 8, 7, 'Góry Świętokrzyskie - 3', 'Małogoszcz', 'Cieśle');
INSERT INTO trails (color, estimated_time, one_way, points_for_reaching, points_for_descent, mountain_range_name, mountain_segment_starting_point_name, mountain_segment_end_point_name)   VALUES (1, 30, 0, 2, 2, 'Góry Świętokrzyskie - 3', 'Małogoszcz', 'Brodowica');
INSERT INTO trails (color, estimated_time, one_way, points_for_reaching, points_for_descent, mountain_range_name, mountain_segment_starting_point_name, mountain_segment_end_point_name)   VALUES (1, 30, 0, 3, 2, 'Góry Świętokrzyskie - 3', 'Bocheniec', 'Brodowica');
INSERT INTO trails (color, estimated_time, one_way, points_for_reaching, points_for_descent, mountain_range_name, mountain_segment_starting_point_name, mountain_segment_end_point_name)   VALUES (5, 30, 0, 3, 2, 'Góry Świętokrzyskie - 3', 'Bocheniec', 'Brodowica');
INSERT INTO trails (color, estimated_time, one_way, points_for_reaching, points_for_descent, mountain_range_name, mountain_segment_starting_point_name, mountain_segment_end_point_name)   VALUES (5, 30, 0, 2, 2, 'Góry Świętokrzyskie - 3', 'Małogoszcz', 'Pola Gorgolowskie');
INSERT INTO trails (color, estimated_time, one_way, points_for_reaching, points_for_descent, mountain_range_name, mountain_segment_starting_point_name, mountain_segment_end_point_name)   VALUES (5, 30, 0, 3, 2, 'Góry Świętokrzyskie - 3', 'Bocheniec', 'Pola Gorgolowskie');
INSERT INTO trails (color, estimated_time, one_way, points_for_reaching, points_for_descent, mountain_range_name, mountain_segment_starting_point_name, mountain_segment_end_point_name)   VALUES (1, 15, 0, 2, 1, 'Góry Świętokrzyskie - 3', 'Bocheniec', 'Bocheniecka Czuhatka');
INSERT INTO trails (color, estimated_time, one_way, points_for_reaching, points_for_descent, mountain_range_name, mountain_segment_starting_point_name, mountain_segment_end_point_name)   VALUES (5, 15, 0, 2, 1, 'Góry Świętokrzyskie - 3', 'Bocheniec', 'Bocheniecka Czuhatka');
INSERT INTO trails (color, estimated_time, one_way, points_for_reaching, points_for_descent, mountain_range_name, mountain_segment_starting_point_name, mountain_segment_end_point_name)   VALUES (1, 45, 0, 4, 3, 'Góry Świętokrzyskie - 3', 'Bolmin', 'Bocheniecka Czuhatka');
INSERT INTO trails (color, estimated_time, one_way, points_for_reaching, points_for_descent, mountain_range_name, mountain_segment_starting_point_name, mountain_segment_end_point_name)   VALUES (1, 90, 0, 6, 6, 'Góry Świętokrzyskie - 3', 'Milechowska', 'Bocheniecka Czuhatka');
INSERT INTO trails (color, estimated_time, one_way, points_for_reaching, points_for_descent, mountain_range_name, mountain_segment_starting_point_name, mountain_segment_end_point_name)   VALUES (5, 90, 0, 6, 6, 'Góry Świętokrzyskie - 3', 'Milechowska', 'Bocheniecka Czuhatka');
INSERT INTO trails (color, estimated_time, one_way, points_for_reaching, points_for_descent, mountain_range_name, mountain_segment_starting_point_name, mountain_segment_end_point_name)   VALUES (5, 75, 0, 6, 5, 'Góry Świętokrzyskie - 3', 'Małogoszcz', 'Milechowska');
INSERT INTO trails (color, estimated_time, one_way, points_for_reaching, points_for_descent, mountain_range_name, mountain_segment_starting_point_name, mountain_segment_end_point_name)   VALUES (5, 105, 0, 7, 7, 'Góry Świętokrzyskie - 3', 'Miedzianka', 'Milechowska');
INSERT INTO trails (color, estimated_time, one_way, points_for_reaching, points_for_descent, mountain_range_name, mountain_segment_starting_point_name, mountain_segment_end_point_name)   VALUES (5, 75, 0, 6, 5, 'Góry Świętokrzyskie - 3', 'Wierna Rzeka', 'Milechowska');
INSERT INTO trails (color, estimated_time, one_way, points_for_reaching, points_for_descent, mountain_range_name, mountain_segment_starting_point_name, mountain_segment_end_point_name)   VALUES (3, 45, 0, 4, 3, 'Góry Świętokrzyskie - 3', 'Jedlica', 'Grzyby Bolmińskie');
INSERT INTO trails (color, estimated_time, one_way, points_for_reaching, points_for_descent, mountain_range_name, mountain_segment_starting_point_name, mountain_segment_end_point_name)   VALUES (3, 45, 0, 4, 4, 'Góry Świętokrzyskie - 3', 'Miedzianka', 'Grzyby Bolmińskie');
INSERT INTO trails (color, estimated_time, one_way, points_for_reaching, points_for_descent, mountain_range_name, mountain_segment_starting_point_name, mountain_segment_end_point_name)   VALUES (3, 15, 0, 2, 1, 'Góry Świętokrzyskie - 3', 'Bolmin', 'Grzyby Bolmińskie');
INSERT INTO trails (color, estimated_time, one_way, points_for_reaching, points_for_descent, mountain_range_name, mountain_segment_starting_point_name, mountain_segment_end_point_name)   VALUES (5, 15, 0, 2, 1, 'Góry Świętokrzyskie - 3', 'Bolmin', 'Grzyby Bolmińskie');
INSERT INTO trails (color, estimated_time, one_way, points_for_reaching, points_for_descent, mountain_range_name, mountain_segment_starting_point_name, mountain_segment_end_point_name)   VALUES (5, 75, 0, 6, 5, 'Góry Świętokrzyskie - 3', 'Bocheniec', 'Wilkomija');
INSERT INTO trails (color, estimated_time, one_way, points_for_reaching, points_for_descent, mountain_range_name, mountain_segment_starting_point_name, mountain_segment_end_point_name)   VALUES (5, 45, 0, 4, 3, 'Góry Świętokrzyskie - 3', 'Jedlica', 'Wilkomija');
INSERT INTO trails (color, estimated_time, one_way, points_for_reaching, points_for_descent, mountain_range_name, mountain_segment_starting_point_name, mountain_segment_end_point_name)   VALUES (5, 60, 0, 5, 4, 'Góry Świętokrzyskie - 3', 'Mosty', 'Wilkomija');
INSERT INTO trails (color, estimated_time, one_way, points_for_reaching, points_for_descent, mountain_range_name, mountain_segment_starting_point_name, mountain_segment_end_point_name)   VALUES (5, 105, 0, 8, 7, 'Góry Świętokrzyskie - 3', 'Brzegi', 'Wilkomija');
INSERT INTO trails (color, estimated_time, one_way, points_for_reaching, points_for_descent, mountain_range_name, mountain_segment_starting_point_name, mountain_segment_end_point_name)   VALUES (3, 30, 0, 3, 2, 'Góry Świętokrzyskie - 3', 'Mosty', 'Grzywy Korzeckowskie');
INSERT INTO trails (color, estimated_time, one_way, points_for_reaching, points_for_descent, mountain_range_name, mountain_segment_starting_point_name, mountain_segment_end_point_name)   VALUES (5, 30, 0, 3, 2, 'Góry Świętokrzyskie - 3', 'Mosty', 'Grzywy Korzeckowskie');
INSERT INTO trails (color, estimated_time, one_way, points_for_reaching, points_for_descent, mountain_range_name, mountain_segment_starting_point_name, mountain_segment_end_point_name)   VALUES (3, 45, 0, 4, 3, 'Góry Świętokrzyskie - 3', 'Jedlica', 'Grzywy Korzeckowskie');
INSERT INTO trails (color, estimated_time, one_way, points_for_reaching, points_for_descent, mountain_range_name, mountain_segment_starting_point_name, mountain_segment_end_point_name)   VALUES (5, 45, 0, 4, 3, 'Góry Świętokrzyskie - 3', 'Jedlica', 'Grzywy Korzeckowskie');
INSERT INTO trails (color, estimated_time, one_way, points_for_reaching, points_for_descent, mountain_range_name, mountain_segment_starting_point_name, mountain_segment_end_point_name)   VALUES (3, 75, 0, 5, 5, 'Góry Świętokrzyskie - 3', 'Zamek w Chęcinach', 'Grzywy Korzeckowskie');
INSERT INTO trails (color, estimated_time, one_way, points_for_reaching, points_for_descent, mountain_range_name, mountain_segment_starting_point_name, mountain_segment_end_point_name)   VALUES (3, 75, 0, 5, 5, 'Góry Świętokrzyskie - 3', 'Rzepka', 'Zamek w Chęcinach');
INSERT INTO trails (color, estimated_time, one_way, points_for_reaching, points_for_descent, mountain_range_name, mountain_segment_starting_point_name, mountain_segment_end_point_name)   VALUES (5, 75, 0, 5, 5, 'Góry Świętokrzyskie - 3', 'Rzepka', 'Zamek w Chęcinach');
INSERT INTO trails (color, estimated_time, one_way, points_for_reaching, points_for_descent, mountain_range_name, mountain_segment_starting_point_name, mountain_segment_end_point_name)   VALUES (3, 15, 0, 1, 1, 'Góry Świętokrzyskie - 3', 'Chęciny', 'Zamek w Chęcinach');
INSERT INTO trails (color, estimated_time, one_way, points_for_reaching, points_for_descent, mountain_range_name, mountain_segment_starting_point_name, mountain_segment_end_point_name)   VALUES (5, 30, 0, 2, 2, 'Góry Świętokrzyskie - 3', 'Rzepka', 'Sosnówka');
INSERT INTO trails (color, estimated_time, one_way, points_for_reaching, points_for_descent, mountain_range_name, mountain_segment_starting_point_name, mountain_segment_end_point_name)   VALUES (5, 135, 0, 9, 9, 'Góry Świętokrzyskie - 3', 'Miedzianka', 'Sosnówka');
INSERT INTO trails (color, estimated_time, one_way, points_for_reaching, points_for_descent, mountain_range_name, mountain_segment_starting_point_name, mountain_segment_end_point_name)   VALUES (3, 90, 0, 7, 6, 'Góry Świętokrzyskie - 3', 'Wierna Rzeka', 'Miedzianka');
INSERT INTO trails (color, estimated_time, one_way, points_for_reaching, points_for_descent, mountain_range_name, mountain_segment_starting_point_name, mountain_segment_end_point_name)   VALUES (5, 45, 0, 4, 3, 'Góry Świętokrzyskie - 3', 'Rykoszyn', 'Miedzianka');
INSERT INTO trails (color, estimated_time, one_way, points_for_reaching, points_for_descent, mountain_range_name, mountain_segment_starting_point_name, mountain_segment_end_point_name)   VALUES (5, 30, 0, 2, 2, 'Góry Świętokrzyskie - 3', 'Grzbiet Gałęzicki', 'Bukowa');
INSERT INTO trails (color, estimated_time, one_way, points_for_reaching, points_for_descent, mountain_range_name, mountain_segment_starting_point_name, mountain_segment_end_point_name)   VALUES (5, 15, 0, 1, 1, 'Góry Świętokrzyskie - 3', 'Jaskinia Piekło Skibskie', 'Bukowa');
INSERT INTO trails (color, estimated_time, one_way, points_for_reaching, points_for_descent, mountain_range_name, mountain_segment_starting_point_name, mountain_segment_end_point_name)   VALUES (1, 60, 0, 5, 4, 'Góry Świętokrzyskie - 3', 'Szewce', 'Bukowa');
INSERT INTO trails (color, estimated_time, one_way, points_for_reaching, points_for_descent, mountain_range_name, mountain_segment_starting_point_name, mountain_segment_end_point_name)   VALUES (5, 60, 0, 5, 4, 'Góry Świętokrzyskie - 3', 'Szewce', 'Bukowa');
INSERT INTO trails (color, estimated_time, one_way, points_for_reaching, points_for_descent, mountain_range_name, mountain_segment_starting_point_name, mountain_segment_end_point_name)   VALUES (5, 60, 0, 4, 4, 'Góry Świętokrzyskie - 3', 'Plebańska', 'Bukowa');
INSERT INTO trails (color, estimated_time, one_way, points_for_reaching, points_for_descent, mountain_range_name, mountain_segment_starting_point_name, mountain_segment_end_point_name)   VALUES (5, 30, 0, 2, 2, 'Góry Świętokrzyskie - 3', 'Jaskinia Piekło Skibskie', 'Grzbiet Gałęzicki');
INSERT INTO trails (color, estimated_time, one_way, points_for_reaching, points_for_descent, mountain_range_name, mountain_segment_starting_point_name, mountain_segment_end_point_name)   VALUES (5, 75, 0, 6, 5, 'Góry Świętokrzyskie - 3', 'Rykoszyn', 'Grzbiet Gałęzicki');
INSERT INTO trails (color, estimated_time, one_way, points_for_reaching, points_for_descent, mountain_range_name, mountain_segment_starting_point_name, mountain_segment_end_point_name)   VALUES (5, 30, 0, 3, 2, 'Góry Świętokrzyskie - 3', 'Jaworznia', 'Plebańska');
INSERT INTO trails (color, estimated_time, one_way, points_for_reaching, points_for_descent, mountain_range_name, mountain_segment_starting_point_name, mountain_segment_end_point_name)   VALUES (4, 30, 0, 3, 2, 'Góry Świętokrzyskie - 3', 'Jaworznia', 'Plebańska');
INSERT INTO trails (color, estimated_time, one_way, points_for_reaching, points_for_descent, mountain_range_name, mountain_segment_starting_point_name, mountain_segment_end_point_name)   VALUES (4, 30, 0, 3, 2, 'Góry Świętokrzyskie - 3', 'Piekaszowa', 'Plebańska');
INSERT INTO trails (color, estimated_time, one_way, points_for_reaching, points_for_descent, mountain_range_name, mountain_segment_starting_point_name, mountain_segment_end_point_name)   VALUES (4, 60, 0, 5, 4, 'Góry Świętokrzyskie - 3', 'Piekaszowa', 'Przełęcz pod Belnią');
INSERT INTO trails (color, estimated_time, one_way, points_for_reaching, points_for_descent, mountain_range_name, mountain_segment_starting_point_name, mountain_segment_end_point_name)   VALUES (5, 60, 0, 5, 4, 'Góry Świętokrzyskie - 3', 'Piekaszowa', 'Przełęcz pod Belnią');
INSERT INTO trails (color, estimated_time, one_way, points_for_reaching, points_for_descent, mountain_range_name, mountain_segment_starting_point_name, mountain_segment_end_point_name)   VALUES (5, 15, 0, 2, 1, 'Góry Świętokrzyskie - 3', 'Jaworznia', 'Przełęcz pod Belnią');
INSERT INTO trails (color, estimated_time, one_way, points_for_reaching, points_for_descent, mountain_range_name, mountain_segment_starting_point_name, mountain_segment_end_point_name)   VALUES (5, 15, 0, 1, 1, 'Góry Świętokrzyskie - 3', 'Szewce', 'Przełęcz pod Belnią');
INSERT INTO trails (color, estimated_time, one_way, points_for_reaching, points_for_descent, mountain_range_name, mountain_segment_starting_point_name, mountain_segment_end_point_name)   VALUES (1, 90, 0, 6, 7, 'Góry Świętokrzyskie - 3', 'Jaskinia Piekło Skibskie', 'Szewce');
INSERT INTO trails (color, estimated_time, one_way, points_for_reaching, points_for_descent, mountain_range_name, mountain_segment_starting_point_name, mountain_segment_end_point_name)   VALUES (5, 90, 0, 6, 7, 'Góry Świętokrzyskie - 3', 'Jaskinia Piekło Skibskie', 'Szewce');
INSERT INTO trails (color, estimated_time, one_way, points_for_reaching, points_for_descent, mountain_range_name, mountain_segment_starting_point_name, mountain_segment_end_point_name)   VALUES (5, 45, 0, 3, 3, 'Góry Świętokrzyskie - 3', 'Jaskinia Raj', 'Szewce');
INSERT INTO trails (color, estimated_time, one_way, points_for_reaching, points_for_descent, mountain_range_name, mountain_segment_starting_point_name, mountain_segment_end_point_name)   VALUES (1, 30, 0, 3, 2, 'Góry Świętokrzyskie - 3', 'Przełęcz pod Belnią', 'Patrol');
INSERT INTO trails (color, estimated_time, one_way, points_for_reaching, points_for_descent, mountain_range_name, mountain_segment_starting_point_name, mountain_segment_end_point_name)   VALUES (4, 30, 0, 3, 2, 'Góry Świętokrzyskie - 3', 'Przełęcz pod Belnią', 'Patrol');
INSERT INTO trails (color, estimated_time, one_way, points_for_reaching, points_for_descent, mountain_range_name, mountain_segment_starting_point_name, mountain_segment_end_point_name)   VALUES (5, 30, 0, 3, 2, 'Góry Świętokrzyskie - 3', 'Przełęcz pod Belnią', 'Patrol');
INSERT INTO trails (color, estimated_time, one_way, points_for_reaching, points_for_descent, mountain_range_name, mountain_segment_starting_point_name, mountain_segment_end_point_name)   VALUES (0, 30, 0, 3, 2, 'Góry Świętokrzyskie - 3', 'Jaskinia Raj', 'Patrol');
INSERT INTO trails (color, estimated_time, one_way, points_for_reaching, points_for_descent, mountain_range_name, mountain_segment_starting_point_name, mountain_segment_end_point_name)   VALUES (0, 60, 0, 5, 4, 'Góry Świętokrzyskie - 3', 'Białogon', 'Patrol');
INSERT INTO trails (color, estimated_time, one_way, points_for_reaching, points_for_descent, mountain_range_name, mountain_segment_starting_point_name, mountain_segment_end_point_name)   VALUES (1, 30, 0, 3, 2, 'Góry Świętokrzyskie - 3', 'Słowik', 'Patrol');
INSERT INTO trails (color, estimated_time, one_way, points_for_reaching, points_for_descent, mountain_range_name, mountain_segment_starting_point_name, mountain_segment_end_point_name)   VALUES (1, 30, 0, 3, 2, 'Góry Świętokrzyskie - 4', 'Przełęcz pod Belnią', 'Patrol');
INSERT INTO trails (color, estimated_time, one_way, points_for_reaching, points_for_descent, mountain_range_name, mountain_segment_starting_point_name, mountain_segment_end_point_name)   VALUES (4, 30, 0, 3, 2, 'Góry Świętokrzyskie - 4', 'Przełęcz pod Belnią', 'Patrol');
INSERT INTO trails (color, estimated_time, one_way, points_for_reaching, points_for_descent, mountain_range_name, mountain_segment_starting_point_name, mountain_segment_end_point_name)   VALUES (5, 30, 0, 3, 2, 'Góry Świętokrzyskie - 4', 'Przełęcz pod Belnią', 'Patrol');
INSERT INTO trails (color, estimated_time, one_way, points_for_reaching, points_for_descent, mountain_range_name, mountain_segment_starting_point_name, mountain_segment_end_point_name)   VALUES (0, 30, 0, 3, 2, 'Góry Świętokrzyskie - 4', 'Jaskinia Raj', 'Patrol');
INSERT INTO trails (color, estimated_time, one_way, points_for_reaching, points_for_descent, mountain_range_name, mountain_segment_starting_point_name, mountain_segment_end_point_name)   VALUES (1, 30, 0, 3, 2, 'Góry Świętokrzyskie - 4', 'Słowik', 'Patrol');
INSERT INTO trails (color, estimated_time, one_way, points_for_reaching, points_for_descent, mountain_range_name, mountain_segment_starting_point_name, mountain_segment_end_point_name)   VALUES (0, 60, 0, 5, 4, 'Góry Świętokrzyskie - 4', 'Białogon', 'Patrol');
INSERT INTO trails (color, estimated_time, one_way, points_for_reaching, points_for_descent, mountain_range_name, mountain_segment_starting_point_name, mountain_segment_end_point_name)   VALUES (0, 30, 0, 3, 2, 'Góry Świętokrzyskie - 4', 'Białogon', 'Brusznia');
INSERT INTO trails (color, estimated_time, one_way, points_for_reaching, points_for_descent, mountain_range_name, mountain_segment_starting_point_name, mountain_segment_end_point_name)   VALUES (0, 45, 0, 3, 3, 'Góry Świętokrzyskie - 4', 'Karczówka', 'Brusznia');
INSERT INTO trails (color, estimated_time, one_way, points_for_reaching, points_for_descent, mountain_range_name, mountain_segment_starting_point_name, mountain_segment_end_point_name)   VALUES (0, 60, 0, 5, 4, 'Góry Świętokrzyskie - 4', 'Szczukowskie Górki', 'Brusznia');
INSERT INTO trails (color, estimated_time, one_way, points_for_reaching, points_for_descent, mountain_range_name, mountain_segment_starting_point_name, mountain_segment_end_point_name)   VALUES (5, 60, 0, 5, 4, 'Góry Świętokrzyskie - 4', 'Szczukowskie Górki', 'Brusznia');
INSERT INTO trails (color, estimated_time, one_way, points_for_reaching, points_for_descent, mountain_range_name, mountain_segment_starting_point_name, mountain_segment_end_point_name)   VALUES (0, 30, 0, 2, 2, 'Góry Świętokrzyskie - 4', 'Brusznia', 'Dalnia');
INSERT INTO trails (color, estimated_time, one_way, points_for_reaching, points_for_descent, mountain_range_name, mountain_segment_starting_point_name, mountain_segment_end_point_name)   VALUES (5, 30, 0, 2, 2, 'Góry Świętokrzyskie - 4', 'Brusznia', 'Dalnia');
INSERT INTO trails (color, estimated_time, one_way, points_for_reaching, points_for_descent, mountain_range_name, mountain_segment_starting_point_name, mountain_segment_end_point_name)   VALUES (0, 30, 0, 2, 2, 'Góry Świętokrzyskie - 4', 'Czarnowo', 'Dalnia');
INSERT INTO trails (color, estimated_time, one_way, points_for_reaching, points_for_descent, mountain_range_name, mountain_segment_starting_point_name, mountain_segment_end_point_name)   VALUES (0, 15, 0, 1, 1, 'Góry Świętokrzyskie - 4', 'Karczówka', 'Dalnia');
INSERT INTO trails (color, estimated_time, one_way, points_for_reaching, points_for_descent, mountain_range_name, mountain_segment_starting_point_name, mountain_segment_end_point_name)   VALUES (5, 15, 0, 1, 1, 'Góry Świętokrzyskie - 4', 'Karczówka', 'Dalnia');
INSERT INTO trails (color, estimated_time, one_way, points_for_reaching, points_for_descent, mountain_range_name, mountain_segment_starting_point_name, mountain_segment_end_point_name)   VALUES (1, 30, 0, 4, 2, 'Góry Świętokrzyskie - 4', 'Słowik', 'Biesak');
INSERT INTO trails (color, estimated_time, one_way, points_for_reaching, points_for_descent, mountain_range_name, mountain_segment_starting_point_name, mountain_segment_end_point_name)   VALUES (1, 30, 0, 3, 2, 'Góry Świętokrzyskie - 4', 'Posłowice', 'Biesak');
INSERT INTO trails (color, estimated_time, one_way, points_for_reaching, points_for_descent, mountain_range_name, mountain_segment_starting_point_name, mountain_segment_end_point_name)   VALUES (5, 30, 0, 3, 2, 'Góry Świętokrzyskie - 4', 'Posłowice', 'Biesak');
INSERT INTO trails (color, estimated_time, one_way, points_for_reaching, points_for_descent, mountain_range_name, mountain_segment_starting_point_name, mountain_segment_end_point_name)   VALUES (1, 15, 0, 2, 1, 'Góry Świętokrzyskie - 4', 'Przełęcz pod Obrazikiem', 'Biesak');
INSERT INTO trails (color, estimated_time, one_way, points_for_reaching, points_for_descent, mountain_range_name, mountain_segment_starting_point_name, mountain_segment_end_point_name)   VALUES (5, 15, 0, 1, 1, 'Góry Świętokrzyskie - 4', 'Przełęcz pod Obrazikiem', 'Bugalanka');
INSERT INTO trails (color, estimated_time, one_way, points_for_reaching, points_for_descent, mountain_range_name, mountain_segment_starting_point_name, mountain_segment_end_point_name)   VALUES (5, 30, 0, 3, 2, 'Góry Świętokrzyskie - 4', 'Białogon', 'Bugalanka');
INSERT INTO trails (color, estimated_time, one_way, points_for_reaching, points_for_descent, mountain_range_name, mountain_segment_starting_point_name, mountain_segment_end_point_name)   VALUES (1, 30, 0, 3, 2, 'Góry Świętokrzyskie - 4', 'Posłowice', 'Pierścienica');
INSERT INTO trails (color, estimated_time, one_way, points_for_reaching, points_for_descent, mountain_range_name, mountain_segment_starting_point_name, mountain_segment_end_point_name)   VALUES (5, 30, 0, 3, 2, 'Góry Świętokrzyskie - 4', 'Posłowice', 'Pierścienica');
INSERT INTO trails (color, estimated_time, one_way, points_for_reaching, points_for_descent, mountain_range_name, mountain_segment_starting_point_name, mountain_segment_end_point_name)   VALUES (1, 15, 0, 1, 1, 'Góry Świętokrzyskie - 4', 'Przełęcz pod Obrazikiem', 'Pierścienica');
INSERT INTO trails (color, estimated_time, one_way, points_for_reaching, points_for_descent, mountain_range_name, mountain_segment_starting_point_name, mountain_segment_end_point_name)   VALUES (1, 15, 0, 1, 1, 'Góry Świętokrzyskie - 4', 'Wielka', 'Pierścienica');
INSERT INTO trails (color, estimated_time, one_way, points_for_reaching, points_for_descent, mountain_range_name, mountain_segment_starting_point_name, mountain_segment_end_point_name)   VALUES (5, 15, 0, 1, 1, 'Góry Świętokrzyskie - 4', 'Wielka', 'Pierścienica');
INSERT INTO trails (color, estimated_time, one_way, points_for_reaching, points_for_descent, mountain_range_name, mountain_segment_starting_point_name, mountain_segment_end_point_name)   VALUES (1, 30, 0, 3, 2, 'Góry Świętokrzyskie - 4', 'Stadion Kielce', 'Pierścienica');
INSERT INTO trails (color, estimated_time, one_way, points_for_reaching, points_for_descent, mountain_range_name, mountain_segment_starting_point_name, mountain_segment_end_point_name)   VALUES (4, 30, 0, 3, 2, 'Góry Świętokrzyskie - 4', 'Stadion Kielce', 'Pierścienica');
INSERT INTO trails (color, estimated_time, one_way, points_for_reaching, points_for_descent, mountain_range_name, mountain_segment_starting_point_name, mountain_segment_end_point_name)   VALUES (1, 15, 0, 1, 1, 'Góry Świętokrzyskie - 4', 'Kaweczyzna', 'Wielka');
INSERT INTO trails (color, estimated_time, one_way, points_for_reaching, points_for_descent, mountain_range_name, mountain_segment_starting_point_name, mountain_segment_end_point_name)   VALUES (5, 15, 0, 1, 1, 'Góry Świętokrzyskie - 4', 'Kaweczyzna', 'Wielka');
INSERT INTO trails (color, estimated_time, one_way, points_for_reaching, points_for_descent, mountain_range_name, mountain_segment_starting_point_name, mountain_segment_end_point_name)   VALUES (1, 15, 0, 1, 1, 'Góry Świętokrzyskie - 4', 'Dyminy', 'Wielka');
INSERT INTO trails (color, estimated_time, one_way, points_for_reaching, points_for_descent, mountain_range_name, mountain_segment_starting_point_name, mountain_segment_end_point_name)   VALUES (5, 15, 0, 1, 1, 'Góry Świętokrzyskie - 4', 'Dyminy', 'Wielka');
INSERT INTO trails (color, estimated_time, one_way, points_for_reaching, points_for_descent, mountain_range_name, mountain_segment_starting_point_name, mountain_segment_end_point_name)   VALUES (1, 45, 0, 4, 3, 'Góry Świętokrzyskie - 4', 'Wielka', 'Telegraf');
INSERT INTO trails (color, estimated_time, one_way, points_for_reaching, points_for_descent, mountain_range_name, mountain_segment_starting_point_name, mountain_segment_end_point_name)   VALUES (5, 45, 0, 4, 3, 'Góry Świętokrzyskie - 4', 'Wielka', 'Telegraf');
INSERT INTO trails (color, estimated_time, one_way, points_for_reaching, points_for_descent, mountain_range_name, mountain_segment_starting_point_name, mountain_segment_end_point_name)   VALUES (1, 30, 0, 3, 2, 'Góry Świętokrzyskie - 4', 'Kaweczyzna', 'Telegraf');
INSERT INTO trails (color, estimated_time, one_way, points_for_reaching, points_for_descent, mountain_range_name, mountain_segment_starting_point_name, mountain_segment_end_point_name)   VALUES (1, 30, 0, 3, 2, 'Góry Świętokrzyskie - 4', 'Wietrzna', 'Telegraf');
INSERT INTO trails (color, estimated_time, one_way, points_for_reaching, points_for_descent, mountain_range_name, mountain_segment_starting_point_name, mountain_segment_end_point_name)   VALUES (5, 30, 0, 3, 2, 'Góry Świętokrzyskie - 4', 'Wietrzna', 'Telegraf');
INSERT INTO trails (color, estimated_time, one_way, points_for_reaching, points_for_descent, mountain_range_name, mountain_segment_starting_point_name, mountain_segment_end_point_name)   VALUES (1, 15, 0, 2, 1, 'Góry Świętokrzyskie - 4', 'Bukówka', 'Telegraf');
INSERT INTO trails (color, estimated_time, one_way, points_for_reaching, points_for_descent, mountain_range_name, mountain_segment_starting_point_name, mountain_segment_end_point_name)   VALUES (5, 45, 0, 4, 3, 'Góry Świętokrzyskie - 4', 'Dyminy', 'Babia Góra');
INSERT INTO trails (color, estimated_time, one_way, points_for_reaching, points_for_descent, mountain_range_name, mountain_segment_starting_point_name, mountain_segment_end_point_name)   VALUES (1, 45, 0, 4, 3, 'Góry Świętokrzyskie - 4', 'Blicza', 'Babia Góra');
INSERT INTO trails (color, estimated_time, one_way, points_for_reaching, points_for_descent, mountain_range_name, mountain_segment_starting_point_name, mountain_segment_end_point_name)   VALUES (1, 45, 0, 4, 3, 'Góry Świętokrzyskie - 4', 'Suków', 'Babia Góra');
INSERT INTO trails (color, estimated_time, one_way, points_for_reaching, points_for_descent, mountain_range_name, mountain_segment_starting_point_name, mountain_segment_end_point_name)   VALUES (1, 30, 0, 3, 2, 'Góry Świętokrzyskie - 4', 'Sitkówka Nowiny', 'Babia Góra');
INSERT INTO trails (color, estimated_time, one_way, points_for_reaching, points_for_descent, mountain_range_name, mountain_segment_starting_point_name, mountain_segment_end_point_name)   VALUES (1, 45, 0, 3, 3, 'Góry Świętokrzyskie - 4', 'Bukówka', 'Zalesna');
INSERT INTO trails (color, estimated_time, one_way, points_for_reaching, points_for_descent, mountain_range_name, mountain_segment_starting_point_name, mountain_segment_end_point_name)   VALUES (1, 75, 0, 5, 5, 'Góry Świętokrzyskie - 4', 'Zagórze', 'Zalesna');
INSERT INTO trails (color, estimated_time, one_way, points_for_reaching, points_for_descent, mountain_range_name, mountain_segment_starting_point_name, mountain_segment_end_point_name)   VALUES (5, 75, 0, 5, 5, 'Góry Świętokrzyskie - 4', 'Zagórze', 'Zalesna');
INSERT INTO trails (color, estimated_time, one_way, points_for_reaching, points_for_descent, mountain_range_name, mountain_segment_starting_point_name, mountain_segment_end_point_name)   VALUES (1, 60, 0, 5, 4, 'Góry Świętokrzyskie - 4', 'Cedzyna', 'Otrocz');
INSERT INTO trails (color, estimated_time, one_way, points_for_reaching, points_for_descent, mountain_range_name, mountain_segment_starting_point_name, mountain_segment_end_point_name)   VALUES (5, 60, 0, 5, 4, 'Góry Świętokrzyskie - 4', 'Cedzyna', 'Otrocz');
INSERT INTO trails (color, estimated_time, one_way, points_for_reaching, points_for_descent, mountain_range_name, mountain_segment_starting_point_name, mountain_segment_end_point_name)   VALUES (1, 60, 0, 5, 4, 'Góry Świętokrzyskie - 4', 'Zalesna', 'Otrocz');
INSERT INTO trails (color, estimated_time, one_way, points_for_reaching, points_for_descent, mountain_range_name, mountain_segment_starting_point_name, mountain_segment_end_point_name)   VALUES (1, 15, 0, 2, 1, 'Góry Świętokrzyskie - 4', 'Niestachów', 'Otrocz');
INSERT INTO trails (color, estimated_time, one_way, points_for_reaching, points_for_descent, mountain_range_name, mountain_segment_starting_point_name, mountain_segment_end_point_name)   VALUES (1, 45, 0, 4, 3, 'Góry Świętokrzyskie - 4', 'Radlin', 'Otrocz');
INSERT INTO trails (color, estimated_time, one_way, points_for_reaching, points_for_descent, mountain_range_name, mountain_segment_starting_point_name, mountain_segment_end_point_name)   VALUES (5, 45, 0, 4, 3, 'Góry Świętokrzyskie - 4', 'Radlin', 'Otrocz');
INSERT INTO trails (color, estimated_time, one_way, points_for_reaching, points_for_descent, mountain_range_name, mountain_segment_starting_point_name, mountain_segment_end_point_name)   VALUES (1, 15, 0, 2, 1, 'Góry Świętokrzyskie - 4', 'Niestachów', 'Sikorza');
INSERT INTO trails (color, estimated_time, one_way, points_for_reaching, points_for_descent, mountain_range_name, mountain_segment_starting_point_name, mountain_segment_end_point_name)   VALUES (1, 105, 0, 7, 7, 'Góry Świętokrzyskie - 4', 'Świnia', 'Sikorza');
INSERT INTO trails (color, estimated_time, one_way, points_for_reaching, points_for_descent, mountain_range_name, mountain_segment_starting_point_name, mountain_segment_end_point_name)   VALUES (5, 105, 0, 7, 7, 'Góry Świętokrzyskie - 4', 'Świnia', 'Sikorza');
INSERT INTO trails (color, estimated_time, one_way, points_for_reaching, points_for_descent, mountain_range_name, mountain_segment_starting_point_name, mountain_segment_end_point_name)   VALUES (1, 90, 0, 6, 6, 'Góry Świętokrzyskie - 4', 'Jabłonna', 'Sikorza');
INSERT INTO trails (color, estimated_time, one_way, points_for_reaching, points_for_descent, mountain_range_name, mountain_segment_starting_point_name, mountain_segment_end_point_name)   VALUES (5, 90, 0, 6, 6, 'Góry Świętokrzyskie - 4', 'Jabłonna', 'Sikorza');
INSERT INTO trails (color, estimated_time, one_way, points_for_reaching, points_for_descent, mountain_range_name, mountain_segment_starting_point_name, mountain_segment_end_point_name)   VALUES (5, 45, 0, 4, 3, 'Góry Świętokrzyskie - 4', 'Niestachów', 'Jabłonna');
INSERT INTO trails (color, estimated_time, one_way, points_for_reaching, points_for_descent, mountain_range_name, mountain_segment_starting_point_name, mountain_segment_end_point_name)   VALUES (5, 30, 0, 3, 2, 'Góry Świętokrzyskie - 4', 'Papiernia', 'Jabłonna');
INSERT INTO trails (color, estimated_time, one_way, points_for_reaching, points_for_descent, mountain_range_name, mountain_segment_starting_point_name, mountain_segment_end_point_name)   VALUES (5, 60, 0, 5, 4, 'Góry Świętokrzyskie - 4', 'Borków', 'Jabłonna');
INSERT INTO trails (color, estimated_time, one_way, points_for_reaching, points_for_descent, mountain_range_name, mountain_segment_starting_point_name, mountain_segment_end_point_name)   VALUES (5, 60, 0, 5, 4, 'Góry Świętokrzyskie - 4', 'Słopiec', 'Jabłonna');
INSERT INTO trails (color, estimated_time, one_way, points_for_reaching, points_for_descent, mountain_range_name, mountain_segment_starting_point_name, mountain_segment_end_point_name)   VALUES (5, 90, 0, 7, 6, 'Góry Świętokrzyskie - 4', 'Daleszyce', 'Jabłonna');
INSERT INTO trails (color, estimated_time, one_way, points_for_reaching, points_for_descent, mountain_range_name, mountain_segment_starting_point_name, mountain_segment_end_point_name)   VALUES (5, 90, 0, 7, 6, 'Góry Świętokrzyskie - 4', 'Słopiec', 'Kamień');
INSERT INTO trails (color, estimated_time, one_way, points_for_reaching, points_for_descent, mountain_range_name, mountain_segment_starting_point_name, mountain_segment_end_point_name)   VALUES (5, 105, 0, 8, 7, 'Góry Świętokrzyskie - 4', 'Borków', 'Kamień');
INSERT INTO trails (color, estimated_time, one_way, points_for_reaching, points_for_descent, mountain_range_name, mountain_segment_starting_point_name, mountain_segment_end_point_name)   VALUES (5, 30, 0, 2, 2, 'Góry Świętokrzyskie - 4', 'Huta Szklana', 'Kamień');
INSERT INTO trails (color, estimated_time, one_way, points_for_reaching, points_for_descent, mountain_range_name, mountain_segment_starting_point_name, mountain_segment_end_point_name)   VALUES (1, 75, 0, 6, 5, 'Góry Świętokrzyskie - 4', 'Daleszyce', 'Września');
INSERT INTO trails (color, estimated_time, one_way, points_for_reaching, points_for_descent, mountain_range_name, mountain_segment_starting_point_name, mountain_segment_end_point_name)   VALUES (5, 60, 0, 4, 4, 'Góry Świętokrzyskie - 4', 'Hucisko', 'Września');
INSERT INTO trails (color, estimated_time, one_way, points_for_reaching, points_for_descent, mountain_range_name, mountain_segment_starting_point_name, mountain_segment_end_point_name)   VALUES (1, 30, 0, 3, 2, 'Góry Świętokrzyskie - 4', 'Września', 'Stołowa');
INSERT INTO trails (color, estimated_time, one_way, points_for_reaching, points_for_descent, mountain_range_name, mountain_segment_starting_point_name, mountain_segment_end_point_name)   VALUES (5, 30, 0, 3, 2, 'Góry Świętokrzyskie - 4', 'Cisów', 'Stołowa');
INSERT INTO trails (color, estimated_time, one_way, points_for_reaching, points_for_descent, mountain_range_name, mountain_segment_starting_point_name, mountain_segment_end_point_name)   VALUES (1, 30, 0, 2, 2, 'Góry Świętokrzyskie - 4', 'Włochy', 'Stołowa');
INSERT INTO trails (color, estimated_time, one_way, points_for_reaching, points_for_descent, mountain_range_name, mountain_segment_starting_point_name, mountain_segment_end_point_name)   VALUES (5, 30, 0, 2, 2, 'Góry Świętokrzyskie - 4', 'Włochy', 'Stołowa');
INSERT INTO trails (color, estimated_time, one_way, points_for_reaching, points_for_descent, mountain_range_name, mountain_segment_starting_point_name, mountain_segment_end_point_name)   VALUES (5, 120, 0, 9, 8, 'Góry Świętokrzyskie - 4', 'Mniów', 'Wzgórza Kołomańskie');
INSERT INTO trails (color, estimated_time, one_way, points_for_reaching, points_for_descent, mountain_range_name, mountain_segment_starting_point_name, mountain_segment_end_point_name)   VALUES (5, 60, 0, 5, 4, 'Góry Świętokrzyskie - 4', 'Samsonów', 'Wzgórza Kołomańskie');
INSERT INTO trails (color, estimated_time, one_way, points_for_reaching, points_for_descent, mountain_range_name, mountain_segment_starting_point_name, mountain_segment_end_point_name)   VALUES (0, 60, 0, 5, 4, 'Góry Świętokrzyskie - 4', 'Bobrza', 'Grodowa');
INSERT INTO trails (color, estimated_time, one_way, points_for_reaching, points_for_descent, mountain_range_name, mountain_segment_starting_point_name, mountain_segment_end_point_name)   VALUES (5, 60, 0, 5, 4, 'Góry Świętokrzyskie - 4', 'Bobrza', 'Grodowa');
INSERT INTO trails (color, estimated_time, one_way, points_for_reaching, points_for_descent, mountain_range_name, mountain_segment_starting_point_name, mountain_segment_end_point_name)   VALUES (0, 30, 0, 3, 2, 'Góry Świętokrzyskie - 4', 'Tumlin', 'Grodowa');
INSERT INTO trails (color, estimated_time, one_way, points_for_reaching, points_for_descent, mountain_range_name, mountain_segment_starting_point_name, mountain_segment_end_point_name)   VALUES (0, 90, 0, 6, 6, 'Góry Świętokrzyskie - 4', 'Grodowa', 'Kamień Miedzianogórski');
INSERT INTO trails (color, estimated_time, one_way, points_for_reaching, points_for_descent, mountain_range_name, mountain_segment_starting_point_name, mountain_segment_end_point_name)   VALUES (0, 60, 0, 5, 4, 'Góry Świętokrzyskie - 4', 'Porzecze', 'Kamień Miedzianogórski');
INSERT INTO trails (color, estimated_time, one_way, points_for_reaching, points_for_descent, mountain_range_name, mountain_segment_starting_point_name, mountain_segment_end_point_name)   VALUES (5, 30, 0, 3, 2, 'Góry Świętokrzyskie - 4', 'Miedziana Góra', 'Kamień Miedzianogórski');
INSERT INTO trails (color, estimated_time, one_way, points_for_reaching, points_for_descent, mountain_range_name, mountain_segment_starting_point_name, mountain_segment_end_point_name)   VALUES (0, 75, 0, 6, 5, 'Góry Świętokrzyskie - 4', 'Tumlin', 'Sosnowica');
INSERT INTO trails (color, estimated_time, one_way, points_for_reaching, points_for_descent, mountain_range_name, mountain_segment_starting_point_name, mountain_segment_end_point_name)   VALUES (0, 75, 0, 6, 5, 'Góry Świętokrzyskie - 4', 'Piaski', 'Sosnowica');
INSERT INTO trails (color, estimated_time, one_way, points_for_reaching, points_for_descent, mountain_range_name, mountain_segment_starting_point_name, mountain_segment_end_point_name)   VALUES (5, 75, 0, 6, 5, 'Góry Świętokrzyskie - 4', 'Piaski', 'Sosnowica');
INSERT INTO trails (color, estimated_time, one_way, points_for_reaching, points_for_descent, mountain_range_name, mountain_segment_starting_point_name, mountain_segment_end_point_name)   VALUES (5, 45, 0, 3, 3, 'Góry Świętokrzyskie - 4', 'Dąbrowa-Łąki', 'Sosnowica');
INSERT INTO trails (color, estimated_time, one_way, points_for_reaching, points_for_descent, mountain_range_name, mountain_segment_starting_point_name, mountain_segment_end_point_name)   VALUES (5, 60, 0, 5, 4, 'Góry Świętokrzyskie - 4', 'Zagnańsk', 'Sosnowica');
INSERT INTO trails (color, estimated_time, one_way, points_for_reaching, points_for_descent, mountain_range_name, mountain_segment_starting_point_name, mountain_segment_end_point_name)   VALUES (5, 30, 0, 2, 2, 'Góry Świętokrzyskie - 4', 'Zagnańsk', 'Bartków');
INSERT INTO trails (color, estimated_time, one_way, points_for_reaching, points_for_descent, mountain_range_name, mountain_segment_starting_point_name, mountain_segment_end_point_name)   VALUES (2, 195, 0, 13, 14, 'Góry Świętokrzyskie - 4', 'Świnia Góra', 'Bartków');
INSERT INTO trails (color, estimated_time, one_way, points_for_reaching, points_for_descent, mountain_range_name, mountain_segment_starting_point_name, mountain_segment_end_point_name)   VALUES (5, 195, 0, 13, 14, 'Góry Świętokrzyskie - 4', 'Świnia Góra', 'Bartków');
INSERT INTO trails (color, estimated_time, one_way, points_for_reaching, points_for_descent, mountain_range_name, mountain_segment_starting_point_name, mountain_segment_end_point_name)   VALUES (5, 75, 0, 6, 5, 'Góry Świętokrzyskie - 4', 'Brzezinki', 'Barcza');
INSERT INTO trails (color, estimated_time, one_way, points_for_reaching, points_for_descent, mountain_range_name, mountain_segment_starting_point_name, mountain_segment_end_point_name)   VALUES (3, 105, 0, 8, 7, 'Góry Świętokrzyskie - 4', 'Barcza', 'Bukowa Góra');
INSERT INTO trails (color, estimated_time, one_way, points_for_reaching, points_for_descent, mountain_range_name, mountain_segment_starting_point_name, mountain_segment_end_point_name)   VALUES (5, 105, 0, 8, 7, 'Góry Świętokrzyskie - 4', 'Barcza', 'Bukowa Góra');
INSERT INTO trails (color, estimated_time, one_way, points_for_reaching, points_for_descent, mountain_range_name, mountain_segment_starting_point_name, mountain_segment_end_point_name)   VALUES (2, 90, 0, 8, 6, 'Góry Świętokrzyskie - 4', 'Łączna', 'Bukowa Góra');
INSERT INTO trails (color, estimated_time, one_way, points_for_reaching, points_for_descent, mountain_range_name, mountain_segment_starting_point_name, mountain_segment_end_point_name)   VALUES (2, 150, 0, 12, 10, 'Góry Świętokrzyskie - 4', 'Bodzentyn', 'Bukowa Góra');
INSERT INTO trails (color, estimated_time, one_way, points_for_reaching, points_for_descent, mountain_range_name, mountain_segment_starting_point_name, mountain_segment_end_point_name)   VALUES (4, 15, 0, 2, 1, 'Góry Świętokrzyskie - 4', 'Święta Barbara', 'Kamień Michniowski');
INSERT INTO trails (color, estimated_time, one_way, points_for_reaching, points_for_descent, mountain_range_name, mountain_segment_starting_point_name, mountain_segment_end_point_name)   VALUES (1, 30, 0, 3, 2, 'Góry Świętokrzyskie - 4', 'Michniów', 'Kamień Michniowski');
INSERT INTO trails (color, estimated_time, one_way, points_for_reaching, points_for_descent, mountain_range_name, mountain_segment_starting_point_name, mountain_segment_end_point_name)   VALUES (1, 135, 0, 10, 9, 'Góry Świętokrzyskie - 4', 'Suchedniów', 'Kamień Michniowski');
INSERT INTO trails (color, estimated_time, one_way, points_for_reaching, points_for_descent, mountain_range_name, mountain_segment_starting_point_name, mountain_segment_end_point_name)   VALUES (5, 180, 0, 13, 12, 'Góry Świętokrzyskie - 4', 'Bodzentyn', 'Kamień Michniowski');
INSERT INTO trails (color, estimated_time, one_way, points_for_reaching, points_for_descent, mountain_range_name, mountain_segment_starting_point_name, mountain_segment_end_point_name)   VALUES (5, 30, 0, 3, 2, 'Góry Świętokrzyskie - 4', 'Dąbrowa-Łąki', 'Wierzejska');
INSERT INTO trails (color, estimated_time, one_way, points_for_reaching, points_for_descent, mountain_range_name, mountain_segment_starting_point_name, mountain_segment_end_point_name)   VALUES (5, 30, 0, 3, 2, 'Góry Świętokrzyskie - 4', 'Szydłówek', 'Wierzejska');
INSERT INTO trails (color, estimated_time, one_way, points_for_reaching, points_for_descent, mountain_range_name, mountain_segment_starting_point_name, mountain_segment_end_point_name)   VALUES (5, 30, 0, 3, 2, 'Góry Świętokrzyskie - 4', 'Dąbrowa', 'Wierzejska');
INSERT INTO trails (color, estimated_time, one_way, points_for_reaching, points_for_descent, mountain_range_name, mountain_segment_starting_point_name, mountain_segment_end_point_name)   VALUES (0, 30, 0, 3, 2, 'Góry Świętokrzyskie - 4', 'Dąbrowa', 'Domaniówka');
INSERT INTO trails (color, estimated_time, one_way, points_for_reaching, points_for_descent, mountain_range_name, mountain_segment_starting_point_name, mountain_segment_end_point_name)   VALUES (5, 30, 0, 3, 2, 'Góry Świętokrzyskie - 4', 'Dąbrowa', 'Domaniówka');
INSERT INTO trails (color, estimated_time, one_way, points_for_reaching, points_for_descent, mountain_range_name, mountain_segment_starting_point_name, mountain_segment_end_point_name)   VALUES (0, 30, 0, 3, 2, 'Góry Świętokrzyskie - 4', 'Masłów', 'Domaniówka');
INSERT INTO trails (color, estimated_time, one_way, points_for_reaching, points_for_descent, mountain_range_name, mountain_segment_starting_point_name, mountain_segment_end_point_name)   VALUES (0, 30, 0, 3, 2, 'Góry Świętokrzyskie - 4', 'Masłów', 'Klonówka');
INSERT INTO trails (color, estimated_time, one_way, points_for_reaching, points_for_descent, mountain_range_name, mountain_segment_starting_point_name, mountain_segment_end_point_name)   VALUES (0, 30, 0, 3, 2, 'Góry Świętokrzyskie - 4', 'Brzezinki', 'Klonówka');
INSERT INTO trails (color, estimated_time, one_way, points_for_reaching, points_for_descent, mountain_range_name, mountain_segment_starting_point_name, mountain_segment_end_point_name)   VALUES (5, 30, 0, 3, 2, 'Góry Świętokrzyskie - 4', 'Brzezinki', 'Klonówka');
INSERT INTO trails (color, estimated_time, one_way, points_for_reaching, points_for_descent, mountain_range_name, mountain_segment_starting_point_name, mountain_segment_end_point_name)   VALUES (0, 45, 0, 4, 3, 'Góry Świętokrzyskie - 4', 'Mąchocice', 'Klonówka');
INSERT INTO trails (color, estimated_time, one_way, points_for_reaching, points_for_descent, mountain_range_name, mountain_segment_starting_point_name, mountain_segment_end_point_name)   VALUES (5, 45, 0, 4, 3, 'Góry Świętokrzyskie - 4', 'Mąchocice', 'Klonówka');
INSERT INTO trails (color, estimated_time, one_way, points_for_reaching, points_for_descent, mountain_range_name, mountain_segment_starting_point_name, mountain_segment_end_point_name)   VALUES (0, 60, 0, 5, 4, 'Góry Świętokrzyskie - 4', 'Przełom Lubrzanki', 'Klonówka');
INSERT INTO trails (color, estimated_time, one_way, points_for_reaching, points_for_descent, mountain_range_name, mountain_segment_starting_point_name, mountain_segment_end_point_name)   VALUES (0, 30, 0, 3, 2, 'Góry Świętokrzyskie - 4', 'Wymyślona', 'Radostowa');
INSERT INTO trails (color, estimated_time, one_way, points_for_reaching, points_for_descent, mountain_range_name, mountain_segment_starting_point_name, mountain_segment_end_point_name)   VALUES (0, 15, 0, 2, 1, 'Góry Świętokrzyskie - 4', 'Przełom Lubrzanki', 'Radostowa');
INSERT INTO trails (color, estimated_time, one_way, points_for_reaching, points_for_descent, mountain_range_name, mountain_segment_starting_point_name, mountain_segment_end_point_name)   VALUES (0, 90, 0, 7, 6, 'Góry Świętokrzyskie - 4', 'Święta Katarzyna', 'Radostowa');
INSERT INTO trails (color, estimated_time, one_way, points_for_reaching, points_for_descent, mountain_range_name, mountain_segment_starting_point_name, mountain_segment_end_point_name)   VALUES (1, 90, 0, 7, 6, 'Góry Świętokrzyskie - 4', 'Święta Katarzyna', 'Radostowa');
INSERT INTO trails (color, estimated_time, one_way, points_for_reaching, points_for_descent, mountain_range_name, mountain_segment_starting_point_name, mountain_segment_end_point_name)   VALUES (5, 90, 0, 7, 6, 'Góry Świętokrzyskie - 4', 'Święta Katarzyna', 'Radostowa');
INSERT INTO trails (color, estimated_time, one_way, points_for_reaching, points_for_descent, mountain_range_name, mountain_segment_starting_point_name, mountain_segment_end_point_name)   VALUES (5, 15, 0, 2, 1, 'Góry Świętokrzyskie - 4', 'Krajno Drugie', 'Strużna');
INSERT INTO trails (color, estimated_time, one_way, points_for_reaching, points_for_descent, mountain_range_name, mountain_segment_starting_point_name, mountain_segment_end_point_name)   VALUES (0, 45, 0, 4, 3, 'Góry Świętokrzyskie - 4', 'Wymyślona', 'Strużna');
INSERT INTO trails (color, estimated_time, one_way, points_for_reaching, points_for_descent, mountain_range_name, mountain_segment_starting_point_name, mountain_segment_end_point_name)   VALUES (5, 45, 0, 4, 3, 'Góry Świętokrzyskie - 4', 'Wymyślona', 'Strużna');
INSERT INTO trails (color, estimated_time, one_way, points_for_reaching, points_for_descent, mountain_range_name, mountain_segment_starting_point_name, mountain_segment_end_point_name)   VALUES (0, 75, 0, 6, 5, 'Góry Świętokrzyskie - 4', 'Radostowa', 'Strużna');
INSERT INTO trails (color, estimated_time, one_way, points_for_reaching, points_for_descent, mountain_range_name, mountain_segment_starting_point_name, mountain_segment_end_point_name)   VALUES (5, 75, 0, 6, 5, 'Góry Świętokrzyskie - 4', 'Radostowa', 'Strużna');
INSERT INTO trails (color, estimated_time, one_way, points_for_reaching, points_for_descent, mountain_range_name, mountain_segment_starting_point_name, mountain_segment_end_point_name)   VALUES (5, 30, 0, 2, 2, 'Góry Świętokrzyskie - 4', 'Mąchocice', 'Przełom Lubrzanki');
INSERT INTO trails (color, estimated_time, one_way, points_for_reaching, points_for_descent, mountain_range_name, mountain_segment_starting_point_name, mountain_segment_end_point_name)   VALUES (5, 15, 0, 2, 1, 'Góry Świętokrzyskie - 4', 'Ciekoty', 'Przełom Lubrzanki');
INSERT INTO trails (color, estimated_time, one_way, points_for_reaching, points_for_descent, mountain_range_name, mountain_segment_starting_point_name, mountain_segment_end_point_name)   VALUES (0, 75, 0, 5, 5, 'Góry Świętokrzyskie - 4', 'Wymyślona', 'Święta Katarzyna');
INSERT INTO trails (color, estimated_time, one_way, points_for_reaching, points_for_descent, mountain_range_name, mountain_segment_starting_point_name, mountain_segment_end_point_name)   VALUES (0, 90, 0, 6, 6, 'Góry Świętokrzyskie - 4', 'Ciekoty', 'Święta Katarzyna');
INSERT INTO trails (color, estimated_time, one_way, points_for_reaching, points_for_descent, mountain_range_name, mountain_segment_starting_point_name, mountain_segment_end_point_name)   VALUES (1, 75, 0, 5, 6, 'Góry Świętokrzyskie - 4', 'Miejska Góra', 'Święta Katarzyna');
INSERT INTO trails (color, estimated_time, one_way, points_for_reaching, points_for_descent, mountain_range_name, mountain_segment_starting_point_name, mountain_segment_end_point_name)   VALUES (0, 45, 0, 5, 3, 'Góry Świętokrzyskie - 4', 'Święta Katarzyna', 'Łysica');
INSERT INTO trails (color, estimated_time, one_way, points_for_reaching, points_for_descent, mountain_range_name, mountain_segment_starting_point_name, mountain_segment_end_point_name)   VALUES (0, 30, 0, 3, 2, 'Góry Świętokrzyskie - 4', 'Kapliczka Świętego Mikolaja', 'Łysica');
INSERT INTO trails (color, estimated_time, one_way, points_for_reaching, points_for_descent, mountain_range_name, mountain_segment_starting_point_name, mountain_segment_end_point_name)   VALUES (0, 210, 0, 14, 14, 'Góry Świętokrzyskie - 4', 'Łączna', 'Świnia Góra');
INSERT INTO trails (color, estimated_time, one_way, points_for_reaching, points_for_descent, mountain_range_name, mountain_segment_starting_point_name, mountain_segment_end_point_name)   VALUES (0, 180, 0, 13, 12, 'Góry Świętokrzyskie - 4', 'Suchedniów', 'Świnia Góra');
INSERT INTO trails (color, estimated_time, one_way, points_for_reaching, points_for_descent, mountain_range_name, mountain_segment_starting_point_name, mountain_segment_end_point_name)   VALUES (0, 180, 0, 13, 12, 'Góry Świętokrzyskie - 4', 'Rejów', 'Świnia Góra');
INSERT INTO trails (color, estimated_time, one_way, points_for_reaching, points_for_descent, mountain_range_name, mountain_segment_starting_point_name, mountain_segment_end_point_name)   VALUES (0, 180, 0, 13, 12, 'Góry Świętokrzyskie - 4', 'Bliżyn', 'Świnia Góra');
INSERT INTO trails (color, estimated_time, one_way, points_for_reaching, points_for_descent, mountain_range_name, mountain_segment_starting_point_name, mountain_segment_end_point_name)   VALUES (1, 75, 0, 6, 5, 'Góry Świętokrzyskie - 5', 'Święta Katarzyna', 'Miejska Góra');
INSERT INTO trails (color, estimated_time, one_way, points_for_reaching, points_for_descent, mountain_range_name, mountain_segment_starting_point_name, mountain_segment_end_point_name)   VALUES (1, 60, 0, 5, 4, 'Góry Świętokrzyskie - 5', 'Wola Szczygiełkowa', 'Miejska Góra');
INSERT INTO trails (color, estimated_time, one_way, points_for_reaching, points_for_descent, mountain_range_name, mountain_segment_starting_point_name, mountain_segment_end_point_name)   VALUES (5, 60, 0, 5, 4, 'Góry Świętokrzyskie - 5', 'Wola Szczygiełkowa', 'Miejska Góra');
INSERT INTO trails (color, estimated_time, one_way, points_for_reaching, points_for_descent, mountain_range_name, mountain_segment_starting_point_name, mountain_segment_end_point_name)   VALUES (1, 30, 0, 3, 2, 'Góry Świętokrzyskie - 5', 'Bodzentyn', 'Miejska Góra');
INSERT INTO trails (color, estimated_time, one_way, points_for_reaching, points_for_descent, mountain_range_name, mountain_segment_starting_point_name, mountain_segment_end_point_name)   VALUES (1, 75, 0, 6, 5, 'Góry Świętokrzyskie - 5', 'Bodzentyn', 'Sieradowska Góra');
INSERT INTO trails (color, estimated_time, one_way, points_for_reaching, points_for_descent, mountain_range_name, mountain_segment_starting_point_name, mountain_segment_end_point_name)   VALUES (5, 75, 0, 6, 5, 'Góry Świętokrzyskie - 5', 'Bodzentyn', 'Sieradowska Góra');
INSERT INTO trails (color, estimated_time, one_way, points_for_reaching, points_for_descent, mountain_range_name, mountain_segment_starting_point_name, mountain_segment_end_point_name)   VALUES (5, 30, 0, 3, 2, 'Góry Świętokrzyskie - 5', 'Siekierno', 'Sieradowska Góra');
INSERT INTO trails (color, estimated_time, one_way, points_for_reaching, points_for_descent, mountain_range_name, mountain_segment_starting_point_name, mountain_segment_end_point_name)   VALUES (1, 90, 0, 6, 6, 'Góry Świętokrzyskie - 5', 'Siekierno', 'Wykus');
INSERT INTO trails (color, estimated_time, one_way, points_for_reaching, points_for_descent, mountain_range_name, mountain_segment_starting_point_name, mountain_segment_end_point_name)   VALUES (5, 90, 0, 6, 6, 'Góry Świętokrzyskie - 5', 'Siekierno', 'Wykus');
INSERT INTO trails (color, estimated_time, one_way, points_for_reaching, points_for_descent, mountain_range_name, mountain_segment_starting_point_name, mountain_segment_end_point_name)   VALUES (1, 120, 0, 9, 8, 'Góry Świętokrzyskie - 5', 'Wąchock', 'Wykus');
INSERT INTO trails (color, estimated_time, one_way, points_for_reaching, points_for_descent, mountain_range_name, mountain_segment_starting_point_name, mountain_segment_end_point_name)   VALUES (1, 120, 0, 9, 8, 'Góry Świętokrzyskie - 5', 'Starachowice', 'Wykus');
INSERT INTO trails (color, estimated_time, one_way, points_for_reaching, points_for_descent, mountain_range_name, mountain_segment_starting_point_name, mountain_segment_end_point_name)   VALUES (4, 120, 0, 9, 8, 'Góry Świętokrzyskie - 5', 'Starachowice', 'Wykus');
INSERT INTO trails (color, estimated_time, one_way, points_for_reaching, points_for_descent, mountain_range_name, mountain_segment_starting_point_name, mountain_segment_end_point_name)   VALUES (5, 30, 0, 2, 3, 'Góry Świętokrzyskie - 5', 'Łysiec', 'Kapliczka Świętego Mikolaja');
INSERT INTO trails (color, estimated_time, one_way, points_for_reaching, points_for_descent, mountain_range_name, mountain_segment_starting_point_name, mountain_segment_end_point_name)   VALUES (1, 60, 0, 6, 4, 'Góry Świętokrzyskie - 5', 'Bieliny', 'Kapliczka Świętego Mikolaja');
INSERT INTO trails (color, estimated_time, one_way, points_for_reaching, points_for_descent, mountain_range_name, mountain_segment_starting_point_name, mountain_segment_end_point_name)   VALUES (5, 105, 0, 7, 7, 'Góry Świętokrzyskie - 5', 'Przełęcz Hucka', 'Kapliczka Świętego Mikolaja');
INSERT INTO trails (color, estimated_time, one_way, points_for_reaching, points_for_descent, mountain_range_name, mountain_segment_starting_point_name, mountain_segment_end_point_name)   VALUES (0, 30, 0, 3, 2, 'Góry Świętokrzyskie - 5', 'Przełęcz Hucka', 'Łysiec');
INSERT INTO trails (color, estimated_time, one_way, points_for_reaching, points_for_descent, mountain_range_name, mountain_segment_starting_point_name, mountain_segment_end_point_name)   VALUES (0, 135, 0, 12, 9, 'Góry Świętokrzyskie - 5', 'Bieliny', 'Łysiec');
INSERT INTO trails (color, estimated_time, one_way, points_for_reaching, points_for_descent, mountain_range_name, mountain_segment_starting_point_name, mountain_segment_end_point_name)   VALUES (5, 135, 0, 12, 9, 'Góry Świętokrzyskie - 5', 'Bieliny', 'Łysiec');
INSERT INTO trails (color, estimated_time, one_way, points_for_reaching, points_for_descent, mountain_range_name, mountain_segment_starting_point_name, mountain_segment_end_point_name)   VALUES (1, 45, 0, 6, 3, 'Góry Świętokrzyskie - 5', 'Nowa Słupia', 'Łysiec');
INSERT INTO trails (color, estimated_time, one_way, points_for_reaching, points_for_descent, mountain_range_name, mountain_segment_starting_point_name, mountain_segment_end_point_name)   VALUES (0, 30, 0, 4, 2, 'Góry Świętokrzyskie - 5', 'Trzcianka', 'Łysiec');
INSERT INTO trails (color, estimated_time, one_way, points_for_reaching, points_for_descent, mountain_range_name, mountain_segment_starting_point_name, mountain_segment_end_point_name)   VALUES (0, 15, 0, 2, 1, 'Góry Świętokrzyskie - 5', 'Trzcianka', 'Kobyla Góra');
INSERT INTO trails (color, estimated_time, one_way, points_for_reaching, points_for_descent, mountain_range_name, mountain_segment_starting_point_name, mountain_segment_end_point_name)   VALUES (0, 60, 0, 5, 4, 'Góry Świętokrzyskie - 5', 'Nowa Słupia', 'Kobyla Góra');
INSERT INTO trails (color, estimated_time, one_way, points_for_reaching, points_for_descent, mountain_range_name, mountain_segment_starting_point_name, mountain_segment_end_point_name)   VALUES (2, 60, 0, 5, 4, 'Góry Świętokrzyskie - 5', 'Nowa Słupia', 'Kobyla Góra');
INSERT INTO trails (color, estimated_time, one_way, points_for_reaching, points_for_descent, mountain_range_name, mountain_segment_starting_point_name, mountain_segment_end_point_name)   VALUES (0, 15, 0, 2, 1, 'Góry Świętokrzyskie - 5', 'Paprocice', 'Kobyla Góra');
INSERT INTO trails (color, estimated_time, one_way, points_for_reaching, points_for_descent, mountain_range_name, mountain_segment_starting_point_name, mountain_segment_end_point_name)   VALUES (2, 60, 0, 4, 4, 'Góry Świętokrzyskie - 5', 'Wał Małacentowski', 'Kobyla Góra');
INSERT INTO trails (color, estimated_time, one_way, points_for_reaching, points_for_descent, mountain_range_name, mountain_segment_starting_point_name, mountain_segment_end_point_name)   VALUES (1, 150, 0, 11, 10, 'Góry Świętokrzyskie - 5', 'Bieliny', 'Wał Małacentowski');
INSERT INTO trails (color, estimated_time, one_way, points_for_reaching, points_for_descent, mountain_range_name, mountain_segment_starting_point_name, mountain_segment_end_point_name)   VALUES (2, 90, 0, 7, 6, 'Góry Świętokrzyskie - 5', 'Łagów', 'Wał Małacentowski');
INSERT INTO trails (color, estimated_time, one_way, points_for_reaching, points_for_descent, mountain_range_name, mountain_segment_starting_point_name, mountain_segment_end_point_name)   VALUES (4, 45, 0, 4, 3, 'Góry Świętokrzyskie - 5', 'Nowa Słupia', 'Chełmowa');
INSERT INTO trails (color, estimated_time, one_way, points_for_reaching, points_for_descent, mountain_range_name, mountain_segment_starting_point_name, mountain_segment_end_point_name)   VALUES (5, 30, 0, 3, 2, 'Góry Świętokrzyskie - 5', 'Rudki', 'Chełmowa');
INSERT INTO trails (color, estimated_time, one_way, points_for_reaching, points_for_descent, mountain_range_name, mountain_segment_starting_point_name, mountain_segment_end_point_name)   VALUES (4, 90, 0, 7, 6, 'Góry Świętokrzyskie - 5', 'Dobruchna', 'Chełmowa');
INSERT INTO trails (color, estimated_time, one_way, points_for_reaching, points_for_descent, mountain_range_name, mountain_segment_starting_point_name, mountain_segment_end_point_name)   VALUES (5, 90, 0, 7, 6, 'Góry Świętokrzyskie - 5', 'Dobruchna', 'Chełmowa');
INSERT INTO trails (color, estimated_time, one_way, points_for_reaching, points_for_descent, mountain_range_name, mountain_segment_starting_point_name, mountain_segment_end_point_name)   VALUES (4, 75, 0, 6, 5, 'Góry Świętokrzyskie - 5', 'Wałsnów', 'Chełmowa');
INSERT INTO trails (color, estimated_time, one_way, points_for_reaching, points_for_descent, mountain_range_name, mountain_segment_starting_point_name, mountain_segment_end_point_name)   VALUES (5, 75, 0, 6, 5, 'Góry Świętokrzyskie - 5', 'Wałsnów', 'Chełmowa');
INSERT INTO trails (color, estimated_time, one_way, points_for_reaching, points_for_descent, mountain_range_name, mountain_segment_starting_point_name, mountain_segment_end_point_name)   VALUES (2, 120, 0, 9, 8, 'Góry Świętokrzyskie - 5', 'Bodzentyn', 'Pasmo Bostowskie');
INSERT INTO trails (color, estimated_time, one_way, points_for_reaching, points_for_descent, mountain_range_name, mountain_segment_starting_point_name, mountain_segment_end_point_name)   VALUES (5, 120, 0, 9, 8, 'Góry Świętokrzyskie - 5', 'Bodzentyn', 'Pasmo Bostowskie');
INSERT INTO trails (color, estimated_time, one_way, points_for_reaching, points_for_descent, mountain_range_name, mountain_segment_starting_point_name, mountain_segment_end_point_name)   VALUES (5, 90, 0, 7, 6, 'Góry Świętokrzyskie - 5', 'Rudki', 'Pasmo Bostowskie');
INSERT INTO trails (color, estimated_time, one_way, points_for_reaching, points_for_descent, mountain_range_name, mountain_segment_starting_point_name, mountain_segment_end_point_name)   VALUES (0, 120, 0, 10, 8, 'Góry Świętokrzyskie - 5', 'Paprocice', 'Szczytniak');
INSERT INTO trails (color, estimated_time, one_way, points_for_reaching, points_for_descent, mountain_range_name, mountain_segment_starting_point_name, mountain_segment_end_point_name)   VALUES (4, 75, 0, 7, 5, 'Góry Świętokrzyskie - 5', 'Wałsnów', 'Szczytniak');
INSERT INTO trails (color, estimated_time, one_way, points_for_reaching, points_for_descent, mountain_range_name, mountain_segment_starting_point_name, mountain_segment_end_point_name)   VALUES (0, 90, 0, 8, 6, 'Góry Świętokrzyskie - 5', 'Mirogonowice', 'Szczytniak');
INSERT INTO trails (color, estimated_time, one_way, points_for_reaching, points_for_descent, mountain_range_name, mountain_segment_starting_point_name, mountain_segment_end_point_name)   VALUES (5, 90, 0, 8, 6, 'Góry Świętokrzyskie - 5', 'Mirogonowice', 'Szczytniak');
INSERT INTO trails (color, estimated_time, one_way, points_for_reaching, points_for_descent, mountain_range_name, mountain_segment_starting_point_name, mountain_segment_end_point_name)   VALUES (0, 45, 0, 5, 3, 'Góry Świętokrzyskie - 5', 'Przełęcz Kurczmarka', 'Szczytniak');
INSERT INTO trails (color, estimated_time, one_way, points_for_reaching, points_for_descent, mountain_range_name, mountain_segment_starting_point_name, mountain_segment_end_point_name)   VALUES (0, 30, 0, 3, 2, 'Góry Świętokrzyskie - 5', 'Przełęcz Kurczmarka', 'Wysokówka');
INSERT INTO trails (color, estimated_time, one_way, points_for_reaching, points_for_descent, mountain_range_name, mountain_segment_starting_point_name, mountain_segment_end_point_name)   VALUES (0, 30, 0, 3, 2, 'Góry Świętokrzyskie - 5', 'Janowice', 'Wysokówka');
INSERT INTO trails (color, estimated_time, one_way, points_for_reaching, points_for_descent, mountain_range_name, mountain_segment_starting_point_name, mountain_segment_end_point_name)   VALUES (5, 30, 0, 3, 2, 'Góry Świętokrzyskie - 5', 'Janowice', 'Wysokówka');
INSERT INTO trails (color, estimated_time, one_way, points_for_reaching, points_for_descent, mountain_range_name, mountain_segment_starting_point_name, mountain_segment_end_point_name)   VALUES (0, 105, 0, 8, 7, 'Góry Świętokrzyskie - 5', 'Gołoszyce', 'Wysokówka');
INSERT INTO trails (color, estimated_time, one_way, points_for_reaching, points_for_descent, mountain_range_name, mountain_segment_starting_point_name, mountain_segment_end_point_name)   VALUES (0, 45, 0, 4, 3, 'Góry Świętokrzyskie - 5', 'Baćkowice', 'Wysokówka');
INSERT INTO trails (color, estimated_time, one_way, points_for_reaching, points_for_descent, mountain_range_name, mountain_segment_starting_point_name, mountain_segment_end_point_name)   VALUES (5, 45, 0, 4, 3, 'Góry Świętokrzyskie - 5', 'Baćkowice', 'Wysokówka');
INSERT INTO trails (color, estimated_time, one_way, points_for_reaching, points_for_descent, mountain_range_name, mountain_segment_starting_point_name, mountain_segment_end_point_name)   VALUES (5, 180, 0, 12, 12, 'Góry Świętokrzyskie - 5', 'Iwaniska', 'Łazy w Paśmie Iwaniskim');
INSERT INTO trails (color, estimated_time, one_way, points_for_reaching, points_for_descent, mountain_range_name, mountain_segment_starting_point_name, mountain_segment_end_point_name)   VALUES (0, 55, 0, 5, 5, 'Góry Świętokrzyskie - 5', 'Łagów', 'Łazy w Paśmie Iwaniskim');
INSERT INTO trails (color, estimated_time, one_way, points_for_reaching, points_for_descent, mountain_range_name, mountain_segment_starting_point_name, mountain_segment_end_point_name)   VALUES (5, 60, 0, 4, 4, 'Góry Świętokrzyskie - 5', 'Września', 'Hucisko');
INSERT INTO trails (color, estimated_time, one_way, points_for_reaching, points_for_descent, mountain_range_name, mountain_segment_starting_point_name, mountain_segment_end_point_name)   VALUES (5, 105, 0, 7, 7, 'Góry Świętokrzyskie - 5', 'Świnia', 'Hucisko');
INSERT INTO trails (color, estimated_time, one_way, points_for_reaching, points_for_descent, mountain_range_name, mountain_segment_starting_point_name, mountain_segment_end_point_name)   VALUES (5, 45, 0, 4, 3, 'Góry Świętokrzyskie - 5', 'Napęków', 'Hucisko');
INSERT INTO trails (color, estimated_time, one_way, points_for_reaching, points_for_descent, mountain_range_name, mountain_segment_starting_point_name, mountain_segment_end_point_name)   VALUES (5, 60, 0, 4, 4, 'Góry Świętokrzyskie - 5', 'Wysokówka', 'Hucisko');
INSERT INTO trails (color, estimated_time, one_way, points_for_reaching, points_for_descent, mountain_range_name, mountain_segment_starting_point_name, mountain_segment_end_point_name)   VALUES (1, 60, 0, 5, 4, 'Góry Świętokrzyskie - 5', 'Hucisko', 'Włochy');
INSERT INTO trails (color, estimated_time, one_way, points_for_reaching, points_for_descent, mountain_range_name, mountain_segment_starting_point_name, mountain_segment_end_point_name)   VALUES (5, 60, 0, 5, 4, 'Góry Świętokrzyskie - 5', 'Hucisko', 'Włochy');
INSERT INTO trails (color, estimated_time, one_way, points_for_reaching, points_for_descent, mountain_range_name, mountain_segment_starting_point_name, mountain_segment_end_point_name)   VALUES (1, 45, 0, 3, 3, 'Góry Świętokrzyskie - 5', 'Wysokówka', 'Włochy');
INSERT INTO trails (color, estimated_time, one_way, points_for_reaching, points_for_descent, mountain_range_name, mountain_segment_starting_point_name, mountain_segment_end_point_name)   VALUES (5, 45, 0, 3, 3, 'Góry Świętokrzyskie - 5', 'Wysokówka', 'Włochy');
INSERT INTO trails (color, estimated_time, one_way, points_for_reaching, points_for_descent, mountain_range_name, mountain_segment_starting_point_name, mountain_segment_end_point_name)   VALUES (1, 30, 0, 3, 2, 'Góry Świętokrzyskie - 5', 'Widełki', 'Włochy');
INSERT INTO trails (color, estimated_time, one_way, points_for_reaching, points_for_descent, mountain_range_name, mountain_segment_starting_point_name, mountain_segment_end_point_name)   VALUES (5, 30, 0, 3, 2, 'Góry Świętokrzyskie - 5', 'Widełki', 'Włochy');
INSERT INTO trails (color, estimated_time, one_way, points_for_reaching, points_for_descent, mountain_range_name, mountain_segment_starting_point_name, mountain_segment_end_point_name)   VALUES (1, 45, 0, 6, 3, 'Góry Świętokrzyskie - 5', 'Cisów', 'Włochy');
INSERT INTO trails (color, estimated_time, one_way, points_for_reaching, points_for_descent, mountain_range_name, mountain_segment_starting_point_name, mountain_segment_end_point_name)   VALUES (5, 45, 0, 6, 3, 'Góry Świętokrzyskie - 5', 'Cisów', 'Włochy');
INSERT INTO trails (color, estimated_time, one_way, points_for_reaching, points_for_descent, mountain_range_name, mountain_segment_starting_point_name, mountain_segment_end_point_name)   VALUES (5, 45, 0, 4, 3, 'Góry Świętokrzyskie - 5', 'Makoszyn', 'Wysokówka');
INSERT INTO trails (color, estimated_time, one_way, points_for_reaching, points_for_descent, mountain_range_name, mountain_segment_starting_point_name, mountain_segment_end_point_name)   VALUES (5, 45, 0, 4, 3, 'Góry Świętokrzyskie - 5', 'Widełki', 'Wysokówka');
INSERT INTO trails (color, estimated_time, one_way, points_for_reaching, points_for_descent, mountain_range_name, mountain_segment_starting_point_name, mountain_segment_end_point_name)   VALUES (5, 30, 0, 2, 2, 'Góry Świętokrzyskie - 5', 'Słowiec', 'Wysokówka');
INSERT INTO trails (color, estimated_time, one_way, points_for_reaching, points_for_descent, mountain_range_name, mountain_segment_starting_point_name, mountain_segment_end_point_name)   VALUES (5, 30, 0, 3, 2, 'Góry Świętokrzyskie - 5', 'Orłowiny', 'Słowiec');
INSERT INTO trails (color, estimated_time, one_way, points_for_reaching, points_for_descent, mountain_range_name, mountain_segment_starting_point_name, mountain_segment_end_point_name)   VALUES (5, 45, 0, 4, 3, 'Góry Świętokrzyskie - 5', 'Widełki', 'Słowiec');
INSERT INTO trails (color, estimated_time, one_way, points_for_reaching, points_for_descent, mountain_range_name, mountain_segment_starting_point_name, mountain_segment_end_point_name)   VALUES (5, 30, 0, 2, 2, 'Góry Świętokrzyskie - 5', 'Lechów', 'Wał');
INSERT INTO trails (color, estimated_time, one_way, points_for_reaching, points_for_descent, mountain_range_name, mountain_segment_starting_point_name, mountain_segment_end_point_name)   VALUES (5, 15, 0, 1, 1, 'Góry Świętokrzyskie - 5', 'Orłowiny', 'Wał');
INSERT INTO trails (color, estimated_time, one_way, points_for_reaching, points_for_descent, mountain_range_name, mountain_segment_starting_point_name, mountain_segment_end_point_name)   VALUES (1, 30, 0, 3, 2, 'Góry Świętokrzyskie - 5', 'Widełki', 'Zamczysko');
INSERT INTO trails (color, estimated_time, one_way, points_for_reaching, points_for_descent, mountain_range_name, mountain_segment_starting_point_name, mountain_segment_end_point_name)   VALUES (5, 30, 0, 3, 2, 'Góry Świętokrzyskie - 5', 'Widełki', 'Zamczysko');
INSERT INTO trails (color, estimated_time, one_way, points_for_reaching, points_for_descent, mountain_range_name, mountain_segment_starting_point_name, mountain_segment_end_point_name)   VALUES (1, 30, 0, 3, 2, 'Góry Świętokrzyskie - 5', 'Wojteczki', 'Zamczysko');
INSERT INTO trails (color, estimated_time, one_way, points_for_reaching, points_for_descent, mountain_range_name, mountain_segment_starting_point_name, mountain_segment_end_point_name)   VALUES (1, 60, 0, 5, 4, 'Góry Świętokrzyskie - 5', 'Ociesęki', 'Zamczysko');
INSERT INTO trails (color, estimated_time, one_way, points_for_reaching, points_for_descent, mountain_range_name, mountain_segment_starting_point_name, mountain_segment_end_point_name)   VALUES (5, 60, 0, 5, 4, 'Góry Świętokrzyskie - 5', 'Ociesęki', 'Zamczysko');
INSERT INTO trails (color, estimated_time, one_way, points_for_reaching, points_for_descent, mountain_range_name, mountain_segment_starting_point_name, mountain_segment_end_point_name)   VALUES (3, 45, 0, 4, 3, 'Góry Świętokrzyskie - 5', 'Widełki', 'Igrzyczna');
INSERT INTO trails (color, estimated_time, one_way, points_for_reaching, points_for_descent, mountain_range_name, mountain_segment_starting_point_name, mountain_segment_end_point_name)   VALUES (5, 135, 0, 10, 9, 'Góry Świętokrzyskie - 5', 'Huta Szklana', 'Igrzyczna');
INSERT INTO trails (color, estimated_time, one_way, points_for_reaching, points_for_descent, mountain_range_name, mountain_segment_starting_point_name, mountain_segment_end_point_name)   VALUES (3, 30, 0, 2, 2, 'Góry Świętokrzyskie - 5', 'Igrzyczna', 'Jaźwina');
INSERT INTO trails (color, estimated_time, one_way, points_for_reaching, points_for_descent, mountain_range_name, mountain_segment_starting_point_name, mountain_segment_end_point_name)   VALUES (3, 30, 0, 2, 2, 'Góry Świętokrzyskie - 5', 'Ociesęki', 'Jaźwina');
INSERT INTO trails (color, estimated_time, one_way, points_for_reaching, points_for_descent, mountain_range_name, mountain_segment_starting_point_name, mountain_segment_end_point_name)   VALUES (5, 30, 0, 2, 2, 'Góry Świętokrzyskie - 5', 'Ociesęki', 'Jaźwina');
INSERT INTO trails (color, estimated_time, one_way, points_for_reaching, points_for_descent, mountain_range_name, mountain_segment_starting_point_name, mountain_segment_end_point_name)   VALUES (3, 60, 0, 5, 4, 'Góry Świętokrzyskie - 5', 'Wólka Pokłonna', 'Jaźwina');
INSERT INTO trails (color, estimated_time, one_way, points_for_reaching, points_for_descent, mountain_range_name, mountain_segment_starting_point_name, mountain_segment_end_point_name)   VALUES (5, 60, 0, 5, 4, 'Góry Świętokrzyskie - 5', 'Wólka Pokłonna', 'Jaźwina');
INSERT INTO trails (color, estimated_time, one_way, points_for_reaching, points_for_descent, mountain_range_name, mountain_segment_starting_point_name, mountain_segment_end_point_name)   VALUES (1, 30, 0, 3, 2, 'Góry Świętokrzyskie - 5', 'Wojteczki', 'Kiełków');
INSERT INTO trails (color, estimated_time, one_way, points_for_reaching, points_for_descent, mountain_range_name, mountain_segment_starting_point_name, mountain_segment_end_point_name)   VALUES (1, 75, 0, 6, 5, 'Góry Świętokrzyskie - 5', 'Ociesęki', 'Kiełków');
INSERT INTO trails (color, estimated_time, one_way, points_for_reaching, points_for_descent, mountain_range_name, mountain_segment_starting_point_name, mountain_segment_end_point_name)   VALUES (5, 75, 0, 6, 5, 'Góry Świętokrzyskie - 5', 'Ociesęki', 'Kiełków');
INSERT INTO trails (color, estimated_time, one_way, points_for_reaching, points_for_descent, mountain_range_name, mountain_segment_starting_point_name, mountain_segment_end_point_name)   VALUES (1, 30, 0, 3, 2, 'Góry Świętokrzyskie - 5', 'Sędek-Szabach', 'Kiełków');
INSERT INTO trails (color, estimated_time, one_way, points_for_reaching, points_for_descent, mountain_range_name, mountain_segment_starting_point_name, mountain_segment_end_point_name)   VALUES (1, 75, 0, 6, 5, 'Góry Świętokrzyskie - 5', 'Łagów', 'Sędek-Szabach');
INSERT INTO trails (color, estimated_time, one_way, points_for_reaching, points_for_descent, mountain_range_name, mountain_segment_starting_point_name, mountain_segment_end_point_name)   VALUES (1, 90, 0, 6, 6, 'Góry Świętokrzyskie - 5', 'Sadków', 'Sędek-Szabach');
INSERT INTO trails (color, estimated_time, one_way, points_for_reaching, points_for_descent, mountain_range_name, mountain_segment_starting_point_name, mountain_segment_end_point_name)   VALUES (5, 90, 0, 6, 6, 'Góry Świętokrzyskie - 5', 'Sadków', 'Sędek-Szabach');
INSERT INTO trails (color, estimated_time, one_way, points_for_reaching, points_for_descent, mountain_range_name, mountain_segment_starting_point_name, mountain_segment_end_point_name)   VALUES (1, 60, 0, 5, 4, 'Góry Świętokrzyskie - 5', 'Bardo', 'Sędek-Szabach');
INSERT INTO trails (color, estimated_time, one_way, points_for_reaching, points_for_descent, mountain_range_name, mountain_segment_starting_point_name, mountain_segment_end_point_name)   VALUES (5, 60, 0, 5, 4, 'Góry Świętokrzyskie - 5', 'Bardo', 'Sędek-Szabach');
INSERT INTO trails (color, estimated_time, one_way, points_for_reaching, points_for_descent, mountain_range_name, mountain_segment_starting_point_name, mountain_segment_end_point_name)   VALUES (5, 45, 0, 4, 3, 'Góry Świętokrzyskie - 5', 'Wygiełzów', 'Dziewiącielska Góra');
INSERT INTO trails (color, estimated_time, one_way, points_for_reaching, points_for_descent, mountain_range_name, mountain_segment_starting_point_name, mountain_segment_end_point_name)   VALUES (5, 150, 0, 11, 10, 'Góry Świętokrzyskie - 5', 'Szumsko', 'Dziewiącielska Góra');
INSERT INTO trails (color, estimated_time, one_way, points_for_reaching, points_for_descent, mountain_range_name, mountain_segment_starting_point_name, mountain_segment_end_point_name)  VALUES (5, 150, 0, 11, 10, 'Góry Świętokrzyskie - 5', 'Zbelutka', 'Dziewiącielska Góra');

INSERT INTO Employees_PTTK (email, password) VALUES ('admin', 'admin');

COMMIT;

